CandidateID,Company,Job-Description,Job Title,Job-Duration,Skills,Additional-Info,Location,Institute,School-Duration,Qualification,Resume-Summary
1,"Magnamious Systems Pvt Ltd - Mumbai, Maharashtra","Working As Customer Support Engineer in Magnamious from Last 6 years and Placed on Site as System Administrator handling Windows Servers, AD, DNS, DHCP, Group Policies, Exchange 2010 DAG with DR Site, File Server, XenApp 6.5 Administration etc.",Customer Support Engineer,June 2010 to Present,"Microsoft Windows Server, Citrix XenApp & XenDesktop 6.5/7.6, Exchange 2007/2010, Symantec/Veritas Backup Exec (7 years)",None,"Mumbai, Maharashtra","B.Com Mumbai University Mumbai, Maharashtra && R. J College Ghatkopar - Mumbai University Mumbai, Maharashtra && Hindi High School",2008 to 2012 && 1998 to 2000 && 1998,B.Com in Commerce && HSC in Commerce && SSC,"Aiming for challenging openings in System Administration and further broadening my knowledge in accordance with the latest trends utilizing all my skills fully and contributing to the associated organization towards its progress, to satisfy both individual and organizational requirements."
2,Ericsson Global Services India Pvt Ltd && Ericsson && RCS Technologies && Genisys Information Systems,"Worked as Engineer - Customer Support in Ericsson Global Services India Pvt Ltd (EGIL) from September 2011 to March 2014. 
 Worked as Solaris System Administrator in RCS Technologies from November 2010 to August 2011. 
 Worked as Junior Business Analyst in Genisys Information Systems India Pvt Ltd from February 2010 to November 2010. && Industry: Telecommunication 
Domain: IT & Telecom Operations 
Responsibilities: 
 Administering, managing & Remote Support of Linux, Solaris, Windows, Backup Systems & Database. 
 Member of Emergency Recovery Team for priority 1 issue providing solution within limited time line. 
 Responsible for working on Service requests under Ticket based Environment to resolve them within SLA involving direct Customer interaction with 24x7 support. 
 Customer Network Technical Lead - Arranging weekly meeting with different Customer's to fast track critical issue and know customer requirements. 
 
Technical Responsibilities: 
 User Administration. 
 Configuring and Administration of High Availability Cluster Environment. 
 Managing File Systems, volumes though LVM, SVM, VxVM. 
 Package Administration on Linux and Solaris systems 
 Perform Client Installation through PXE Boot System (MWS) 
 Managing Data backups and restoration through NetBackup and DMR. 
 Database Administration through tuning and troubleshooting as per customer's requirement. 
 Performance tuning related to disk and CPU utilization. 
 Management of OSS -RC (HA Solution) which includes Fault Management, Configuration Management, Performance Management and ENIQ (DWH) Systems. 
 Administration of ENIQ DWH Solution through ETL process. 
 Firmware and BIOS updating through ILO. 
 Working with Hardware Vendors for Memory upgrade / Hardware issue's related to Blade systems. 
 
Incident Tools used 
 
 SMS SAP, CSDP Ticketing tool & ASAP. && Responsibilities: 
 Providing support by handling installation, troubleshooting & required configuration of the windows and Sun workstations ( Ultra 10, Sun blade 100 & 150) 
 Replacing the failed hard disk. 
 Installation of Ubuntu & Linux on x86 machines. 
 Replacing the DIMMS. 
 Troubleshooting file systems issues. 
 User administration. 
 Troubleshooting on hardware issues. && Responsibilities: 
 Business product research and Customer requirement analysis. 
 Lead Generation through customer interaction as per there infrastructure need.",Senior Engineer - Customer Support && Senior System Engineer && System administrator && Junior Business Analyst,April 2014 to Present && September 2011 to Present && November 2010 to August 2011 && February 2010 to November 2010,"Linux (4 years), Unix (6 years), Veritas Cluster Server (5 years), Python (Less than 1 year), System Administration (6 years), Redhat Linux (4 years)","Additional Information
Technical Skills 
 
Platform: Solaris, RedHat, CentOS. 
Cluster Solution: VCS 
Database: Sybase, Versant, Tomcat Application 
Hardware: SUN Server (M5000, X4640), HP Blade C7000. 
Cloud: AWS Basics. 
Configuration Management: Anisble & Puppet knowledge. 
Scripting Language: Python 
Storage: Host based SAN connectivity knowledge.","Bangalore, Karnataka","M S Engineering College under VTU Belgaum, Karnataka",2011 to 2014,Bachelor of Engineering in B.E Electronics and Communications," 6+ years of progressive work Experience in IT industry 
 Competent in deploying agile development, automation, secure remote administration and management in UNIX / LINUX platform. 
 Ability to undertake time bound result oriented challenging assignments. 
 Ability to handle work on critical outage."
8,"Current Organization - Wipro Technologies Bengaluru - Bangalore, Karnataka","Client - Shire Pharmaceuticals 
Role Summary - My key responsibilities are below. 
 
SCCM Administrator 
 Installation and configuration of SCCM 2012 server and Site roles 
 Deployment of SCCM Client via ""Client Push"" mechanism 
 Patch Management 
 Distribution of patches based on Collections to client 
 Hardware and Software Inventory 
 Create deployment groups, schedule patch deployments as per customer requirements 
 MS patches to be distributed to all Primary/Secondary SCCM Sites 
 Deploy patches to all Physical and Virtual Windows Operating Systems 
 Use WSUS and SCCM to deploy patches 
 Monitor Patch deployment through SCCM reporting tool 
 Classify and resolve issues for failed deployments through remote management tools 
 Provide support during off hours and weekends for patch deployments or troubleshooting 
 Patch deployments on servers and workstations for Microsoft operating systems and applications 
 Software Distribution of packages in SCCM 
 
Major Incident coordinator 
 
 Incidents and Emails management, recording and tracking Incidents and requests 
 Follow up on all critical incidents either through email or call, closing Incidents and confirm with the users 
 Send management 'SMS' alerts for Major/Critical Incidents to stakeholders 
 Organize Telco's for Major/Critical Incidents 
 Invoke Major Incident Manager as described in Best Practices. 
 Creating Daily Operational Reports and send it across to the managers that encompasses the  Worked on Remedy ticketing tool. 
 
Communication SPOC/Outage Coordinator: 
 Sending & coordinating management communications and or alerts to all the impacted business zones, this includes communicating high priority issues like Outages, Bundles, Installations and Updates to end users effectively, keeping in mind the business impact and time 
 Coordinating Technical Calls/Telco's whenever necessary to solve critical tickets. 
 
Application Support 
 Working in ITIL project in Application Support 
 Handled PMO activities for Offshore and Onsite resources 
 Reporting Task and generating reports for the entire Team using Avaya CMS supervisor tool 
 Using Remedy, JIRA, Service Now and Atlassian ticketing tool to handle incidents. 
 Handling client accounts using Active Directory 
 Supporting client's web based applications. 
 Handling McAfee Endpoint Security issues. 
 Handling and troubleshooting clients account in exchange 2010 
 Working on access provisioning and revoking for R&D application groups for clients 
 Handling access issues for all the applications of client 
 Monitoring the jobs in SAP PI 
 Monitoring the Exchange Servers using the BPPM (BMC Proactive Net Performance Management) Monitoring tool. 
 Handling SAP account unlock, Password reset and access validity extension requests. 
 
SME for Shire Pharmaceuticals 
 Performing Ticket audits and email audits 
 Conducting the process trainings for the team 
 Initiating the On-boarding and Off-boarding process for the new Joiners 
 Managing the daily operations 
 Generating the daily, weekly reports as per client requirement 
 Creating Knowledge base article for the new activities and for known errors 
 Following up on critical incidents either through email or call, closing Incidents and confirm with the users. and coordinating with Technical/Functional teams to have the update on the issues.",Administrator,December 2013 to Present,"sccm (3 years), system (3 years), Active Directory (3 years), DNS (3 years), Dhcp (3 years), Remedy (3 years), Exchange Server (3 years), patch management (3 years), wsus (3 years)","Additional Information
 Installation and configuration of SCCM 2012 server and Site roles 
 Deployment of SCCM Client via ""Client Push"" mechanism 
 Patch Management 
 Distribution of patches based on Collections to client 
 Hardware and Software Inventory 
 Create deployment groups, schedule patch deployments as per customer requirements 
 MS patches to be distributed to all Primary/Secondary SCCM Sites 
 Deploy patches to all Physical and Virtual Windows Operating Systems 
 Use WSUS and SCCM to deploy patches 
 Monitor Patch deployment through SCCM reporting tool 
 Classify and resolve issues for failed deployments  
 Provide support during off hours and weekends for patch deployments or troubleshooting 
 Patch deployments on servers and workstations for Microsoft operating systems and applications 
 Software Distribution of packages in SCCM 
 Handling OSD related issues and deploying packages via task sequence 
 
Technical Skills: 
 
 Knowledge of ITIL V3 Foundation, SCCM 2012 
 Basic knowledge of Active Directory, Microsoft 2010, Windows Server 2012, DNS, DHCP, Application Deployment in SCCM 2012, Reporting Services, Software Distribution, Patch Management","Bangalore, Karnataka",Rayat College affiliated,None,B.Tech in Electronics and Communication," 3.1 Years of IT professional experience. 
 Good knowledge on Windows Server, Active Directory, System Center Configuration Manager 2012, ITIL concepts. 
 Good interpersonal & analytical skills, quick learner and zeal to learn new technologies."
13,None,"Hired as a full-time Technical Support Engineer following initial consulting role. 
 
Key Contributions: 
 Responsible for attending clients problem on ticket board, emails and on live chats and helping customers to get their website online and to get their emails working. 
 Responsible for solving server side issues and email issues. 
 Identifying system, problem, bugs and liaising with 2nd line support to resolve these issues. 
As a System Administrator: 
 
Key Contributions: 
 Software installations, third party software installations and upgrades, Patches. 
 Server setup, optimization and hardening, migrations and operating system reload 
 Control panel installation and configuration. 
 Troubleshooting and quick server restoration in case of unexpected downtime. 
 Round the clock server monitoring, maintenance of backups and timely report of hardware failure. 
 Firewall & Antivirus installation, tuning and maintenance. 
 Installation and configuration of Linux daemons. 
 Mail server and Apache tweaks. 
 OS and control panel upgrade and patching. 
 Customizing web based Applications. 
 Pro-active Support via Ticket systems, Live chats and emails 
 Installing Spam Controllers 
 
BASIC ACADEMICE CREDENTIALS:",Technical Support Engineer/ System Administrator,May 2015 to Present,Redhat Linux,"Additional Information
Serving notice period from 12th January - 15 th March 2017","Nashik, Maharashtra","Late G.N. Sapkal College of Engineering Nashik, Maharashtra && SNJB's College of Science Nashik, Maharashtra",2015 && 2011,B.E in E & Tc && HSC,"To be a part of an organization of Hi-tech environment that will help me realize the numerous applications of my theoretical knowledge and to be able to provide my best to the organization in return. 
 
LINUX TECHNICAL SUPPORT/ SYSTEM ADMINISTRATOR 
Proven Success in Systems Optimization and Administration 
 
Accomplished Linux Technical Support Engineer/System Administrator with 20 months of experience managing servers infrastructures across multiple platforms (Unix, Linux) . Effectively plan, install, configure and optimize the servers to consistently achieve high availability and performance. 
 
Proven ability to create and deliver solutions tied to business growth, organizational development and systems/network optimization. Skilled problem identifier and troubleshooter comfortable managing systems, projects and teams in a range of IT environments."
14,"Snowman Logistics Limited - Bangalore, Karnataka","Network Administrator 
As 'IT Sr Executive' Customer Support Engineer in SNOWMAN LOGISTIC Ltd. From Aug 2014 to till Date. As a Desktop, Laptops, Networking support engineer.Servers, Switches Networking Support Engineer.",Network Administrator,August 2014 to November 2016,Network Management (2 years),"Additional Information
 Installation of Desktop, Laptops, Printers, Switches & Servers. 
 Installing software's, like Microsoft products, Security products all necessary Utilities etc  
 Troubleshooting of all hardware & software problems. 
 Diagnose problem related to hardware call logging with HP, Dell, IBM and Lenovo etc. 
 Replacing new Parts with defective Parts like laptop motherboard, Led, fans etc. 
 Installed Windows Server 2000, 2003, 2008. 
 Installed and configured Windows xp, Windows 7 and Windows 8 for Desktops and laptops using Norton ghost and Acronic imaging. 
 Administration of Symantec Corp edition using Symantec console.  
 Configured RIS [Remote installation service] . 
 Attending call through remedy and chatting through midline chat channel. 
 Managed various hardware and software upgrades. 
 Installed and Configured Outlook Express and Microsoft Outlook. 
 Backup and Restore of Outlook Express (.dbx files) and Ms Outlook (.pst files). 
 Installed Utility Software and Updates the Software. 
 Assembling and Troubleshooting of Hardware Components. 
 Handling Desktops, Notebooks, Computers & Server. 
 Configured and Troubleshooting Network & Shared Printers. 
 Taking NT Backup and restore process. 
 Troubleshooting of computers and application software's. 
 Trouble shooting computer hardware. 
 Implementing LAN and Configuring Internet. 
 Installing Proxy server and troubleshooting the n/w. 
 Assigning IP address  
 Assemble and configure the system and installing the applications. 
 Troubleshooting of computers and application software. 
 Establishing LAN and maintaining LAN. 
 Fault Detection & Rectification of N/W card, Hard-Disk, Modem, CD-drive, (almost all computer devices) etc.  
 Troubleshoot various system problems like motherboard, memory, and processor, SMPS for Servers and desktop computers","Bangalore, Karnataka",SCS Higher Secondary School,2000,S.S.L.C in Electronics,To accelerate my pace towards the growth of the organization by riding on my strength and to make innovations with my skills.
19,"Xchanging - Bangalore, Karnataka","Total 4 years of professional experience in GRC platform and java based application 
 Expertise in implementation of the Nasdaq BWise product and was part of L2 (Level 2 support). Recently promoted to 3rd line (Level 3 Support) 
 Overseas work experience at Netherlands and USA 
 Good understanding of Governance, Risk and Compliance product suite (Internal Control, Open Assessments, Control Assessments, Internal Audit, Risk Assessment and Process Management) 
 Customization of Nasdaq BWise application as per customer's business requirement 
 Defect resolution, creating change request to meet their new requirements 
 Expertise in setting up authorization for the framework and in setting up control assessments, open assessments, Risk assessment and hands on experience in setting up formulas in assessments, workflow, alerts 
 Expertise in setting up workflows for framework elements such Lifecycle & Approval 
 
Education and certifications. 
Master of Computer Applications with aggregate of 76% from New Horizon college of Engineering, Bangalore 
 OCJP (Oracle Certified Java Programmer) 
 ITIL V3 Foundation 
 Bwise Functional Administrator Certification 
 
Project 1: 
Client : NASDAQ BWise 
Location :India 
Responsibilities: 
 Implementation of Internal Control Framework and modification of meta model as per customer's business requirements, Setting up authorization for access level, XLS import of Framework data, Organization, Incident management, used BIS tool for mapping of fields. 
 Defining workflow for concerned elements along with formulas as per business requirement 
 Setting up Control Assessment, Open Assessment, Risk Assessment with formulas 
 Helped customers in Planning Audits and Audits template related issues 
 Migration of data from one environment to another environment along with configuration. 
 As a part of L2 (Level 2) team, Worked on Product down critical issues and escalated incidents 
 Coordinate with R&D team for further discussions on incidents and bug fixing 
 Handling issues related to portlets and helped in creation of small portlets for customers 
 Mentoring First line team members on Nasdaq BWise product 
 Log file analysis related to the errors & performance related issues 
 Preparing replica of customer's environment with similar set up of Authorizations and customizations for analysis purpose 
 
Project 2.(Onsite) 
Client name : NASDAQ BWise 
Location :Netherlands 
Customers of BWise from Dutch region by defining the authorization framework 
 Quick resolution for production down issue 
 Modification of BWise License file 
 Issues related to application Performance 
 
Project 3.(Onsite) 
Client name : NASDAQ BWise 
Location : USA  
Responsibilities: 
 Worked for BWise Customers from US Region. Handled critical issues related to Incident Management and Risk assessment 
 solved issues related to formulas and workflow and issues related to portlets, xls importer, Risk tree",Customer support consultant,April 2013 to Present,Bwise grc application (4 years),None,"Bangalore, Karnataka","New horizon college of engineering Bangalore, Karnataka",None,MCA," Company-Xchanging Solutions PVT LTD (CSC Company) 
 Designation Software Engineer 
 Expertise in end to end BWise Product Knowledge ( Technical & Functional) 
 Domain-Governance Risk management (GRC)"
20,Shiva Travels && Serco Global Services && None,"Worked as a Customer Support Associate with Serco Global Services From Jan '15 to June '15 
 
Personal Skills 
Platform: Windows 
Theoretical background: Computer Basics, Internet 
Application: Basics of C and C++ and MS-OFFICE 
 
Project 1: && Roles and Responsibility: 
 Maintaining the data of customers and workers. 
 Keeping clients up to date with any changes 
 Collecting and processing payments from clients. 
 Advising clients on travel arrangements 
 Dealing with complaints or refunds or Cancellation of bookings. 
 Ensures that the travel goes smoothly by making all necessary preparations and anticipating all that can happen 
 Keeps track of the customers while on travel and provides assistance as the need arises 
 
Achievements 
 The service has been increased 9 % in the financial year 2010-2011. 
 Recognized for excellent services for just satisfying each client every day. 
 
Project 2: && Roles and Responsibility: 
 Working in a credit card Payment Collection process over phone call. 
 Explaining the CIBIL process and outstanding balance to the credit card holders. 
 Requesting the customers to pay the outstanding balance amount of their credit card.",Administrator && Administrator && Customer Support Associate,June 2015 to June 2016 && June 2015 to June 2016 && January 2015 to June 2015,Basics of Computers and MS office (3 years),"Additional Information
 Experienced career in the traveling field with organizational skills and professionalism. 
 Expertise in all aspects of travel management  
 Experience of managing several tour events and special travel programs 
 Expertise in developing tour packages and plan travel. 
Ability to adapt myself in any environment 
 Excellent knowledge in assessing the requirement of customers. 
 Skilled in providing the booking information according to the customer's wish. 
 Responsible for providing travel guidance and packages according to the customer's requirement and budget. 
 Giving Guiding for Cab Drivers over travelling.","Vellore, Tamil Nadu","Ranganathan Engineering College Coimbatore, Tamil Nadu && Government Higher Secondary School Tiruppattur, Tamil Nadu && Government Higher Secondary School Tiruppattur, Tamil Nadu && BOARD/ UNIVERSITY",2013 && 2008 && 2006 && None,BE && HSC && SSLC && None," Experienced career in the traveling field with organizational skills and professionalism. 
 Expertise in all aspects of travel management 
 Experience of managing several tour events and special travel programs 
 Expertise in developing tour packages and plan travel. 
Ability to adapt myself in any environment 
 Excellent knowledge in assessing the requirement of customers. 
 Skilled in providing the booking information according to the customer's wish. 
 Responsible for providing travel guidance and packages according to the customer's requirement and budget. 
 Giving Guiding for Cab Drivers over travelling."
23,"Wipro Technologies - Hyderabad, Andhra Pradesh"," Worked with Wipro BPS as Technical Support Executive, handling overseas clients of HEWLETT PACKARD - IPG-APAC DIVISION, since 13th May.2013 till 30th April 2015. 
 Joined Wipro Technologies & become part of the project CISCO Secure Operations as Trainer cum Knowledge Manager cum Incident Master since 1st May 2015 till now. 
 Proficiently managed the service queues to make sure that the queue backlog is under control. 
 Responsible to handle the Incident Management, meeting the SLA deliverables. 
 ITIL - Incident Management & Awareness. 
 Escalating unresolved concerns to other support staff onsite. 
 Proficiently developed and Documented several Incident Management process modules. 
 Dealing with the Incidents raised for all kinds of emergencies and priority based tickets. 
 Assessing impact of the Incidents and prioritizing them accordingly. 
 Able to handle first point escalation for all technical and process issues. Provided technical subject matter expertise wherever required.  
 Ensure proper communication and quick resolution as a crisis Manager. Plan and schedule Changes, Coordinating with  
different stakeholders.  
 Perform RCA for Major Incidents related to his / her tower, Follow quality / security process defined for the engagement.  
 Perform Trend analysis, identifying incidents and working with respective teams/individual to minimize the incidents, Hardware troubleshooting & Vendor coordination. 
 Prepare Weekly and monthly status reports. Participate in business meetings with various stakeholders on a need basis.  
 Took corrective actions based on the customer satisfaction surveys. Worked on the service improvement programs. Effort estimation/reviews on need basis for new projects.  
 Training of new team members. Able to work on Knowledge acquisition and updates to related documents.",Administrator,May 2013 to Present,"Active Directory (1 year), Incident Management (2 years)","Additional Information
CURRICULUM VITAE 
RAJESH DHARA 
Add.: [...] Flat No.-S3, Nest Harmony Apartments, 
Venkatapuram, Alwal, 
Landmark - Near Dargha Bus Stop, 
Hyderabad,  
PIN - 500010 
Mobile: [...] 
E-mail id- rdhara84@gmail.com  
 
CAREER OBJECTIVE: 
To be recognized as a man of competence who is committed towards the attainment of the organizational goals. 
 
SKILL SET: 
Coordination, Team attitude, Diagnosis & Analysis 
 
PROFESSIONAL STRENGTHS: 
 Ability to learn. 
 To complete the assignment within deadline. 
 Leave no stone unturned to satisfy my sincere & dutiful services. 
 Playing a key role in reconciling data, SLA's and related documents and supporting the Project in various possible ways. 
 Proficient in Establishing defined Quality Standards for all work aspects of the project. 
 Conducting sessions and briefing to create awareness among the Team Members towards product, process and soft skills. 
 
PROFESSIONAL EXPERIENCE: 
 Worked with Wipro BPS as Technical Support Executive, handling overseas clients of HEWLETT PACKARD - IPG-APAC DIVISION, since 13th May.2013 till 30th April 2015. 
 Joined Wipro Technologies & become part of the project CISCO Secure Operations as Trainer cum Knowledge Manager cum Incident Master since 1st May 2015 till now. 
 Proficiently managed the service queues to make sure that the queue backlog is under control. 
 Responsible to handle the Incident Management, meeting the SLA deliverables. 
 ITIL - Incident Management & Awareness. 
 Escalating unresolved concerns to other support staff onsite. 
 Proficiently developed and Documented several Incident Management process modules. 
 Dealing with the Incidents raised for all kinds of emergencies and priority based tickets. 
 Assessing impact of the Incidents and prioritizing them accordingly. 
 Able to handle first point escalation for all technical and process issues. Provided technical subject matter expertise wherever required.  
 Ensure proper communication and quick resolution as a crisis Manager. Plan and schedule Changes, Coordinating with  
different stakeholders.  
 Perform RCA for Major Incidents related to his / her tower, Follow quality / security process defined for the engagement.  
 Perform Trend analysis, identifying incidents and working with respective teams/individual to minimize the incidents, Hardware troubleshooting & Vendor coordination. 
 Prepare Weekly and monthly status reports. Participate in business meetings with various stakeholders on a need basis.  
 Took corrective actions based on the customer satisfaction surveys. Worked on the service improvement programs. Effort estimation/reviews on need basis for new projects.  
 Training of new team members. Able to work on Knowledge acquisition and updates to related documents. 
 
TECHNICAL EXPOSURE: 
 Platforms: LAN, Internet, HP Printers, Careforce Dot Com (CRM) Salesforce, BMC Remedy Incident Management Tool. 
 Operating Systems: Unix, Windows XP/7/8/8.1, 
 Languages: BASIC 
 Packages: MS-OFFICE (WORD, EXCEL, POWERPOINT), Adobe Photoshop 
 Proficient in Managing End User accounts using Active Directory,  
 Expert in Installing/Uninstalling required software as per upgrades and application requirements. 
 Expert in reimaging the Windows computer devices as per requirement. 
 Proficient in Laptop and Desktop Diagnosing/Troubleshooting using Remote Tools like SR-Dash, LogMeIn Rescue, Bomgar, SCCM Remote Desktop Control Tool and RDP. 
 Proficient in Unix scripting in order to resolve network alerts, synchronizing & monitor tunnels. 
 Proficient in managing end user information using CRM tools like Astro CRM and Sales Force. 
 Good at ITMS tools like BMC-Remedy. 
 
ACADEMIC QUALIFICATION: 
 Passed 10th from C.B.S.E. Board, Delhi with 1st Division in 2003. 
 Passed 12th from C.B.S.E. Board, Delhi with 1st Division in 2005. 
 Graduate in Bachelor of Business Administration from Jamia Hamdard University, Delhi in 2008. 
 
COMPUTER PROFICIENCY: 
 Computer Fundamentals (MS-Office, Internet) from CMC Ltd., Delhi 
 Tally 7.2 
 
PERSONAL INFORMATION: 
 
Father's Name : Late. Biswanath Dhara. 
Date of Birth : 14th December 1986. 
Marital Status : Single. 
Languages Known : English, Hindi & Bengali 
 
Signature 
 
(RAJESH DHARA)","Hyderabad, Andhra Pradesh","Jamia Hamdard University Delhi, Delhi",2005 to 2008,B.B.A in Business Administration,To be recognized as a man of competence who is committed towards the attainment of the organizational goals.
26,"Honeywell International India Pvt Ltd - Pune, Maharashtra && Honeywell Automation India Ltd.- HPS Systems BU - Pune, Maharashtra && First - Flight Couriers Ltd. - Pune - RHO. - Khamgaon, Maharashtra && Vikamshi Fabrics Pvt. Ltd. - Khamgaon, Maharashtra"," Creating Purchase Requisitions and converting them to Purchase Orders for Projects in Oracle. 
 Advising delivery date of the parts ordered to the requestor. 
 Regularly maintaining vendor records, requestor records and working with Oracle Support Team for setting up records in Oracle. 
 Goods Receipting received against a PO in Oracle and invoicing it. Maintaining proofs of delivery acknowledgement and resolving invoicing disputes.  
 Booking of Projects and Projects' Variation Orders in ePSF System for SEA Region. 
 Prepare Invoices for Projects and Variation Orders in ePSF System. 
 Prepare Credit Memos to Customer for Projects / Spare Parts and Spot Calls in ePSF System. 
 Verify the Actual Billings to the Customer is done according to approved Billing Break-up Schedule / Project Milestones as per the Customer PO terms. 
 Ensure GPM Process is followed in all Job Bookings. 
 Daily tracking of opportunities in Seibel from the sales team to book a job / change order for Project and looking out for complete documents (eCOAT/ eGAP, PES, Credit Approval, PO) and escalating it to the relevant team for complete information. 
 Acting as an EAC Gate Keeper for eEAC Tool and Implementating of Projects eEACs (Estimate-At-Completion) in ePSF System for various reasons during tenure of a Project. 
 Project OCC (Open Commitment Costs) / Commitment Management. 
 Initiate Job Closures activities in ePSF System. 
 Booking of Spare Parts and Spot Calls Orders in ePSF System. 
 Prepare Delivery Orders for materials dispatch purpose. 
 Prepare Commercial Invoices for Customer clearance of import shipments. 
 Billing of Spare Parts' Orders upon Delivery of materials. 
 Billing of Spot Calls upon completion of Engineering Services at sites. 
 Preparing Services Requests (SR) for Projects and Spot Calls in Siebel. 
 Tracking and updation of different types of Activities in Siebel. 
 Training and coaching to new employees. 
 Preparing different periodical Reports. 
 Deputed at Honeywell-Kuala Lumpur, Malaysia office for Training & Knowledge Transfer purpose for period of Nov-Dec'2015. &&  Booking Sales Orders (SO) in SAP. 
 Creating Projects, WBS Elements, Networks, Activities, Activity Elements in SAP. 
 Uploading & Tracking Bill-Of-Material & Billing-Break-Ups in SAP. 
 Preparing Materials Dispatch Advices (MDA) and MDCC. 
 Preparing Out Bound Deliveries (OBD) in SAP for Factory & Warehouse Dispatches. 
 Maintaining Pricing Conditions for Billing in SAP. 
 Preparing Goods Receipts (GR) of Third-party Materials PO's in SAP.  
 Preparing Service Entry Sheets (SES) for Subcontractors' PO's in SAP. 
 Processing Vendor Invoices for Payments. 
 Co-ordination & Follow-ups with Cross Functional Teams (CFT) for Billing & Dispatches.  
 Project OCC (Open Commitment Costs) / Commitment Management.  
 Reconciliation of Project & Finance versions of Cost Budgets periodically in SAP.  
 Preparing Detail Order estimation (DOI) for Change Orders. 
 Preparation & Implamentation of Estimate-At-Completions (EAC) in SAP. 
 Preparing different periodical MIS Reports. &&  Entering Data Entries of Accounts in Proprietary software. 
 Preparing Bank Reconciliation Statements. 
 Preparing Monthly MIS report of Outstanding & Sales & Collection Reports 
 Preparing Statements for Service Tax Return. && Job Profile: 
 Entering Data Entries of Accounts & Inventories in Tally. 
 Preparing Sales Orders, Invoices and Challanes. 
 Preparing Income & Expenditure Statement. 
 Preparing Debtors & Creditors List. 
 Preparing Material Dispatch Clearances. 
 Preparing Statements for Sales Tax & Excise Returns.",Customer Service Administrator && Project Administrator && Accounts Officer && Accounts Assistant,February 2015 to Present && September 2006 to January 2015 && June 2005 to August 2006 && November 2003 to June 2005,"Sap Fico, SAP, ORACLE, EXCEL, Tally","Additional Information
 SAP - PS, MM, SD, CO Modules 
 Oracle - ERP System. 
 Tally,  
 Well versed in Advance MS-Excel 
 Win-XP, MS-Office, MS-Access,","Pune, Maharashtra","Bharati Vidyapeeth University Pune, Maharashtra && Amravati University Amravati, Maharashtra && Amravati University Amravati, Maharashtra && Amravati University Amravati, Maharashtra",June 2010 && March 2002 && March 1999 && March 1997,M.B.A. in Finance && B. Com. && H.S.C. && S.S.C.,"To obtain a challenging position in the organization. work at my level best and use my skills and qualification to server the organization, which recognizes talent and hard work, with perfection."
32,"AGS Transact Technologies Pvt. Ltd && Next Education India Pvt. Ltd - Bangalore, Karnataka","Total Work Experienced - 2.8 Mounths 
 
Responsible for supporting the company's SME clients at all levels as part of a helpdesk team. Ensuring that all hardware, software and Networking is configured and installed correctly. 
 
Duties: 
Responsible for networking, design, installation and maintenance services. Supporting users and network administrators over the telephone, email, on site. Maintain the companies network infrastructure. 
 
Networking and providing support for Windows, Macintosh and Linux issues. Configuration and testing of any new hardware and software. 
 
Travelling to client sites to help with installs, deployment, and troubleshooting. Management of the daily data backup and retrieval scheme. 
 
Installing and operating Windows desktop and server operating systems. TCP/IP networking and hardware maintenance and repair. 
 
Training new employees. 
 
Assistance with training of staff and compiling procedural documentation. Assisting the network manager with support requests. 
 
Ensure computer hardware is safe & complies with health and safety legislation. Applying patches in accordance with company procedures. 
 
KEY SKILLS AND COMPETENCIES 
Experience as a Team Leader for projects and systems migrations. Excellent customer facing skills. 
 
 A positive attitude towards customer service and good communication skills. 
 Experienced troubleshooting and configuration of Windows server 2003, Exchange /xp professional /Windows 7, linux. 
Configuration various type of services-DHCP, DNS, Remote Desktop Support 
Commercial technical support experience of servers and network infrastructure. Ability to be clear & concise when explaining technical procedures to customers. 
 Configure Routers & Swiches && I have worked with this company for 1 years and gain a great experienced",IT Customer Support Engineer && Technical Supoort Engineer,August 2015 to Present && October 2014 to August 2015,"windows OS Installation & Troubleshootin, Router & Swiches Maintainance & troubleshooting,Configure services-DHCP, DNS, Remote Desktop etc,Configuration Networking and troubleshoots,Linux maintainance & troubleshooting, (3 years)","Additional Information
AREAS OF EXPERTISE 
 
Networking - Switches / 
 
Routers / Firewalls 
 
SQL 
 
1st/2nd line issues 
 
Infrastructure support 
 
Server support 
 
Microsoft technologies 
 
Remote support tools 
 
PROFESSIONAL 
 
Advance Certified 
Hardware & Networking Professional(ACHNP) 
Includes-CCNA, Redhet6.0, MCITP 
 
PERSONAL SKILLS 
 
Problem solving 
 
Commitment to outcomes 
 
Highly analytical 
 
Helpful attitude","Bangalore, Karnataka","MITS(Microcity Institute of Technical Studies) Udaipur, Rajasthan",2012 to 2014,ACHNP Deploma(Advanced Certified Hardware & Networking Professional) in IT Solutions,None
33,"Matrix Business Machine Pvt. Ltd - Pune, Maharashtra && Arya Infotech Network Solution Pvt. Ltd - Pune, Maharashtra && Olympus Computers - Pune, Maharashtra && Bharati Vidyapeeth Medical Foundations"" Bharati Hospital & Research Center - Pune, Maharashtra && Keihin Fie Pvt. Ltd - Chakan, Maharashtra && R-Tech Computers Kothrud - Pune, Maharashtra && None","Pune 45 
MATRIX Business Machines Pvt. Ltd is a ISO 9001-2008 certified organization and having gained invaluable experience in Designing, Supply, Configuration, Integration and Maintenance of IT Infrastructure and Enterprise-wide solutions to hundreds of Corporate Clients in Pune. 
 
Job Profile 
Working as a Customer Support Manager. 
 
Role and Responsibility 
* Responding to issues such as service inquiries, problem resolution, and retaining accounts. 
* Handling customer escalations and all customer relations issues. 
* Managing customer expectations. 
* Managing customer service teams, processes, and polices. 
* Promoting products and services. 
* Manage a more than 35 support Engineers team to provide first class post sales support to Customers 
* Provide input into the pre sales process and act as a lead on support and service issues, strategy and approach 
* Set clear objectives, evaluate progress and instill a high performance culture with focus on team work, service excellence and ownership for resolving customer issues 
* Manage the team and individual performance Technical and skills development. && Role and Responsibility 
* Assisted customers in installation and operating computer software, hardware and related problems to satisfy all needs. 
* Organized cases to be sent to support analysts and escalated cases if not resolved by system analysts and ensured use of all resources for resolution. 
* Managed support cases and resolved all issues, evaluated resolution provided to confirm compliance with necessary guidelines. 
* Provided Pre-Sales and Post-Sales technical consulting for customers and company sales people 
* Assisted support analysts and provided necessary feedback on cases escalated to senior management. 
* Work with Customers, Vendors, and staff to produce Network designs. This involves detailing Network requirements and Equipment to implement different designs, producing network design documents such as drawings and recommendations for a particular approach, and the presentation of same to technical staff and management. 
* Assisted customers and understood requirements and worked accordingly. 
* Supervised, and provided technical back up, for a team of Ten. 
* Monitored employee performance and performed required appraisals. 
* Responsible for administration, hiring, technical training, mentoring, and team building. && Role and Responsibility 
* Responding to issues such as service inquiries, problem resolution, and retaining accounts. 
* Handling customer escalations and all customer relations issues. 
* Managing customer expectations. 
* Managing customer service teams, processes, and polices. 
* Promoting products and services. && pune - 43 
 
Job Profile 
Working as a IT Head. 
 
Role and Responsibility 
* Windows Server 2003 / 2008 administrations 
* Managing Active directory, DNS and DHCP Servers. 
* Managing HW issues -- Vendor coordination 
* Anti Virus updates and MS Patches Management. 
* Active Directory Services -- Managing Users, Group Policies & Other Resource objects. 
* Managing Cluster Services -- Installation & Administration 
* Manage IBM X3650 M4, Dell T410, HP ML 150G6 Servers. (OS win 2003 & win 2008 server) 
* Maintain Cisco 1800, 1900 Series router & Firewall System (Sonic wall TZ 210, TZ 215 Series) 
* Hyper-V Server Administration 
 Managing Virtual Servers -- Virtual Infra Client. 
 Troubleshooting the Hyper-V machines using Virtual centre and Hyper-V Infrastructure client. 
 Cloning and troubleshooting Hyper-V ESX hosts and guest servers. 
 Creating and deploying templates. 
* Server hardware calls escalation to respective vendors if required. 
* Co-ordination with AMC providers for all Hardware, Networking, Internet. 
* Setting back up policies and other standards for IT dept. 
* Total Hardware (PCs, Printers, LAN) and software support/maintenance including Networking. 
* Manage L2 L3 Networking switches. 
* To Manage IT Dept having strength 1+4 
* Setup of 210 PC/Laptops, 60 Printers, routers and firewalls. 
 
Achievements 
Successfully Implementation of Hospital Information System (ERP) for modules Reception and OPD Management, LIS, RIS, MIS, Billing, Pharmacy Management, Inventory, Finance, Payroll/ HR With Time Attendance, Linen and Laundry, etc. 
My role was overall PROJECT CO-ORDINATION incl. tracking progress of project, maintaining the ISSUE DATABASE etc. && Chakan MIDC Pune. Keihin is Rs.350+ Cr. Japanese group in CARBURETTOR manufacturing having tie up with FIE group from Ichalkaranji. Also have another plant in Haryana. 
 
Job Profile:- && Job Profile: Installing & Configuration of all Software's & troubleshoots it. Customer support as per Requirement 
Experience: 6 Months. (Date-Jan 2004 To Jun 2004) 
 
Jay Plastics Pvt. Ltd. Mulund. Mumbai (w) && Job profile: To manage information about stock and employee's. 
Troubleshooting & Installation of Desktop PC's & different Software Applications and Operating System. 
Experience: 6 Months. (Date- Jul 2003 To Dec 2003)",Customer Support Manager && Working as a Technical Support Manager && Working as a Customer Support Manager && Working as a IT Head && System Administrator && Customers Support Engineer && Computer Operator & Hardware Engineer,January 2016 to Present && September 2014 to December 2015 && March 2014 to August 2014 && February 2010 to September 2013 && August 2004 to January 2010 && January 2004 to June 2004 && July 2003 to December 2003,"Microsoft Technology, Networking, Hardware, IT infrastructure, ERP (10+ years)","Additional Information
Other Technical Skill 
 
Subjects Details 
SAP BASIS Administration. SAP ERP ECC 5 
Database Administration 
& Server Installation 
(SQL Server 2005, 2008 
& Oracle 8i) 
 
SQL Server 2012& 2014 
 
Creating & Managing Database, User Login & Security, Import / Export Data, Backup & Recovery, Replication, ODBC connectivity. 
 
Oracle 8i Migration, Partitioning, Performance monitoring, Database Recovery, Net8. 
Server Installation All Windows Servers, UNIX/RH LINUX 8. 
Hardware / Networking 
Computer Assembling & Troubleshooting of all types of computers & Laptops (IBM, HP, Wipro, ) Troubleshooting of LAN, switches and Hubs. 
 
Computer Software's FoxPro/VB Programming knowledge, MS-Access Crystal Report. 
 
Academic Project 
 
DBA: 
""Data Base Management System ""With SQL Server 7.0. 
""DHCP Configuration on RED HAT LINUX"". 
 
""Inventory control system (Purchase, Production, Sales) Front End VB 6.0.Back End Access 2000. ""Jay Plastics Pvt.Ltd. Mumbai (West) "". 
 
* Permanent address 
Dnyaneshwar Bharatsing Rajput. 
21 Lal Bag Colony. Dhule Road Nandubar. 
Tal. Dist. Nandurbar. 425412 
 
Declaration 
I hereby declare that the information provided above is true to the best of my knowledge. 
 
Date: Yours faithfully. 
Rajput Dnyaneshwar","Pune, Maharashtra","North Maharashtra University Jalgoan && C.M.S Institute Pune. Pune, Maharashtra",None && None,Master Of Computer Management in Computer Management && Master Diploma in Networking & Data Communication,"Name Mr. Dnyaneshwar Bharatsing Rajput. 
 
Residential Address Ashwini Vihar, Sr.No 41/3 Flat No-9, Sachhai Mata Nagar, Ambegaon Kh. Haveli Pune 46. 
Contact No +91 [...] 
Email ID rajputd02@gmail.com / rajputd_b@yahoo.com 
 
Total 12+ yrs. of IT experience 
 
 Expertise in Installation and Administration of Windows 2000, 2003, Windows 2008 & Windows 2012 Server, Windows 7, Windows 8, 8.1 Windows Vista, Windows XP. 
 More than 12 years of experience in IT with experience in Server administration in various environments - Window 2000, 2003 & 2008 Windows 2012 Server with Active Directory Services (AD, DNS, DHCP, Hyper-V) 
 Three years experience in managing / supporting Hyper-V server (hosts and guests) 
 Managing Cluster Services -- Installation & Administration 
 Managing file servers (MS Cluster servers) and print servers. 
 Hands on experience on mailing server and MS SQL server [...] administration. 
 Network Management Console for Symantec End Point, Quick Heal, MacAfee antivirus Protection. 
 Manage Dell Power Edge 1850, 2850, 2950, T410 Series Server. (OS win 2000, 2003 
& 2008 server) 
 Manage IBM X Series 3650 M4, X3610, 225 & 226 Servers. (Os win 2003 server, Win 2008 R2 Server 
 Installation and maintenance of all Local & Network printers (HP 5100, HP5500, HP 8000, HP 5550) 
 Maintain Cisco 1800, 1900 Series router & Sonic wall TZ 210, 215 Firewall. 
 Installation and Administration of Japanese win XP, Vista, Windows 7 and Windows XP."
35,"HealthEnablr India Pvt. Ltd - Mumbai, Maharashtra && iSOFTWAREFACTORY - Mumbai, Maharashtra && GT Nexus Software (P) Limited - Bangalore, Karnataka && BANK OF AMERICA - Mumbai, Maharashtra && C.S. Pochee & Sons - Mumbai, Maharashtra","Sales, backoffice operations & customer support) 
Healthenablr is the bridge that gives access to healthcare services and practitioners worldwide through Telemedicine platform and EMR. Patients can connect easily to doctors anytime, anywhere. The company works to provide cost efficient, impartial medical care that is available 24/7, throughout the year across the globe. 
 
Highlights of major Responsibilities 
 
 Manage daily sales and backoffice operations- B2B and B2C 
 Team Management 
 Develop processes for maximizing operational efficiency and execute sales strategies. 
 Sell software products and services to doctors and Hospitals/Institutions/Clinics 
 Achieve Month on Month target for the Region 
 Pre sales and Post-sales support to customers 
 Techno commercial discussion for large projects 
 Key Accounts / Customer Support management / Issue Resolution/ Payments. 
 Demonstrations and trainings of the product to the doctor / administrator / staff / decision maker. 
 Coach, mentor and motivate sales team. 
 Market and Research and customer feedback to Product development team 
 
Achievements 
 Closed major deals and started a pilot project with Raksha Multispeciality Group of hospitals. && The company is specialized in building software components and assembling them to build different software applications which is highly cost effective as compared to other software vendors. 
 
Highlights of major responsibilities: 
 Manage sales and backoffice operations 
 Driving business development initiatives to promote company's products among all potential market segments. 
 Identifying customers' needs, conducting gap analysis, coordinating with software development team and presenting cost effective solutions to the customers with high value perception. 
 Resolving customers' technical and commercial queries and securing customers' financial commitments to finalize contracts. 
 Personally managing important clients / payments / accounts / Customer service. 
 Actively involved in project delivery / users trainings as per agreed terms to win and retain customer's confidence. 
 Developing and nurturing productive relations with key clients at decision making level to retain their patronage. 
 
Achievements 
 Successfully managed sale of company's product 'iPropertyBook' independently with great success. && A renowned global developer and operator of the largest cloud supply chain platform of its kind, with over $100 billion in goods managed annually. Having association with over 25, 000 active trading organizations across all major industries the company is also accredited as the largest, most complete and active global logistics service provider network in the world. 
 
Highlights of major responsibilities: 
 Managed a very important Key Account, Adidas 
 Developed Client management process with customer guidance on self serve. Managed entire documentation on Support processes. Diagnosed root cause of outages to resolve technical issues. 
 Created reports, trends and dashboards on Salesforce.com to render better assistance to the customers and building of invaluable customer data. Efficiently managed Data Quality programs across all customers on GT Nexus platform. 
 Generated various reports like Shipment Completeness Reports, Ocean/Air Event Completeness Reports, Partner Timelines Report, Milestone Mapping Reports, File Processing Success/Failure Reports. 
 Efficiently managed Bill of Lading, Bill of Lading Instructions, Booking, Purchase orders, Shipping Orders, Shipments, Advance Shipping Notifications etc. for Adidas and other customers. 
 Handled several projects consisting of XML, EDI X12 and EDIFACT EDI standards. 
 Provided cost effective and customized solutions to the clients within agreed time frame. Trained new recruits or team members on company's products and processes. 
 
Achievement 
 Handpicked to manage a very big and high profile customer Adidas. 
 Earned wide appreciation from 'Adidas' for efficiently handling their projects and reducing issues. 
 Chosen to impart training to new and senior employees of GT Nexus and Adidas in recognition of superior process and product knowledge. && Mortgage Collections / Home Retention) 
A prestigious American multinational banking and financial services corporation headquartered in Charlotte, North Carolina. It is the second largest bank holding company in the United States by assets. 
 
Highlights of major Responsibilities 
 Successfully managed various teams of 9 to 20 associates (Voice & Data) 
 Managed Teams handling inbound / outbound calls and data. 
 Monitored team performances regularly and resolved their queries to maximize individual and team productivity observing highest standards of quality. 
 Updated the Manager on a day to day basis on the team performance. Indentified under performers, provided them needed inputs and drawn up action plan to come up to the desired performance levels. 
 Conducted training sessions for the associates to keep their functional skills up-to-date. 
 
Achievements 
 Selected to be a part of a team that was trained in 4 different processes. 
 Picked up regularly to train associates in different processes. 
 Received award for 'Zero Attrition in a Year'. && Backoffice Operations, customer support and Sales) 
Importers & Dealers of Professional / Educational Books, Magazines and Official distributers of ISI standards. 
 
Highlights of major Responsibilities 
 Managing day to day operations of the company. 
 Generate database of potential customers. Converting cold leads into enquiries. 
 Create and send Commercial Proposals to enquiring customers. 
 Meeting Institutional and Departmental Heads and explaining about the books pertaining to their interest / domain. 
 Talking to students and librarians of different disciplines and informing them about the books and also understanding their requirements. 
 Talking to people who wish to author books and supporting them. 
 Follow-up with the clients for orders and payments. 
 Successfully managed pre-sales, post sales operations. 
 Maintaining a detailed correspondence history about clients with reference to the particular enquiries and jobs. 
 Training staff in process efficiency / change management/conflict management/ customer service. 
 
Achievements 
 Due to excellent performance, was promoted as Senior Executive and was given complete control of operations in Mumbai region.","Manager (Sales, backoffice operations & customer support) && Business Development Manager (Sales, backoffice operations & customer support) && Case Manager (Customer Support, Operations) && Team Developer (Mortgage Collections / Home Retention) && Senior Executive (Backoffice Operations, customer support and Sales)",August 2015 to August 2016 && April 2013 to January 2015 && April 2011 to March 2013 && March 2007 to March 2011 && February 2003 to February 2007,"Team Management, Customer Support, Customer Retention, Backoffice Operations, Key Account Management, Client Management, Process Training, Conflict Management, Business Development, Sales Management, Business Analytics, Market Intelligence, Relationship Management (10+ years)","Additional Information
IT Skills: MS Visio, MS Office.","Mumbai, Maharashtra","N.M.A.M. Institute of Technology, University of Mangalore. Mangalore, Karnataka",December 2002,Bachelor of Engineering in Industrial and Production,"I am an academically qualified Graduate Engineer (Industrial and Production), I have contributed over 13 years in driving Business Development / Customer Service / Customer Support / Backoffice Operations initiatives with renowned companies in IT, publishing, BPO and banking sectors. I hold strong credentials in achieving and exceeding business targets consistently during the career span. Resolving customers' issues promptly I have consistently retained continued patronage of high profile clients. A team leader and effective motivator I have successfully built and retained cohesive teams of performers. 
 
With well-honed functional skills, I seek career realignment in managerial role in the domain of customer service / backoffice operations with a progressive company in India. Driven by high energy levels and abundant positive attitude I am confident of justifying my inclusion in company's management team. 
 
My enclosed resume would familiarize you with the details and I hope you would find my credentials in perfect congruence with job profile. I shall be glad to receive a call for a personal/ telephonic interview."
39,"Allied Digital services ltd - Hubli, Karnataka","Project: State Bank of India Branches Hardware and network Management. 
Period: 9th November 2009 TO 1st August 2013 
 
Responsibilities: 
 Maintenance of Computer System and peripherals. 
 Installing and Configuring, Windows 98/XP Professional, 
Windows-7 & Vista, windows -8. 
 Configuring Outlook. 
 Installing and Configuring Required Software's, MS Office, Winrar, 
PDF and others. 
 Managing Switches with zero error. 
 
 Installing and configuring networking OS, Windows Server -2003 
Windows Server 2008, 2012. 
 Creating / Maintain user and groups accounts. 
 Updating Anti Virus, service pack's. 
 Configuring network printers. 
 Configuration Maintenance Networking with t568b standard. 
. Managing cctv Dvr (16 cameras) 
 
 Troubleshooting & Configuring LAN and WAN. 
 Configuring and Maintenance Laser jet printers, Dot metric and Passbook printer, Line printers. 
 Creating basic disk and Dynamic disk. 
 Installing oracle with minimum support. 
 
Working for: ( Present) 
Cinepolis India PVT Ltd, 
Hubli, 
Role: IT Associate (System Administrator) 
Period: 5th August 2013 TO Till.",Customer support Engineer,November 2009 to August 2013," A+ (Hardware).  N+(Networking Fundamentals).  Operating Systems (XP, Vista and Windows 7,Windiws 8, Windows10).  Network Operating System (Server 2003/2008/2012).  DHCP server configuration on Windows 2003 Server 2008 Server  Working Knowledge of different Raid levels (Raid 0 and Raid 1).  CCNA Router configuration with required Protocol and manageable Switch Configuration.  REDHAT (Redhat enterprises Linux 6.2)  Working Knowledge of SSH, Telnet.  Vista Supporting Software.  Managing Virtualized nodes and Non - Virtualized nodes.  Knowledge of Networking, using T568B standard.  Throughput Testing Hardware and Network points. (6 years)","Additional Information
Technical Skills: 
 A+ (Hardware) 
 N+ (Networking Fundamentals) 
 
 Operating Systems (XP, Vista and Windows 7, Windiws 8, Windows10) 
 Network Operating System (Server [...] 
 DHCP server configuration on Windows 2003 Server 2008 Server 
 Working Knowledge of different Raid levels (Raid 0 and Raid 1) 
 CCNA ""Router configuration with required Protocol and manageable Switch Configuration. 
 REDHAT (Redhat enterprises Linux 6.2) 
 Working Knowledge of SSH, Telnet. 
 Vista Supporting Software. 
 Managing Virtualized nodes and Non - Virtualized nodes. 
 Knowledge of Networking, using T568B standard. 
 Throughput Testing Hardware and Network points.","Hubli, Karnataka","Karnataka Pre-University Board && Bangalore University Bangalore, Karnataka",March 2012 && None,Bachelor of Commerce in Commerce && None,Interested utilizing my skills in troubleshooting and a passion for resolving complex problems. To build a long-term career in your profession with opportunities for career growth.
47,Convergys - Convergys India,"for 2 years (US Non-Voice Process) 
2. Worked as Technical Support Representative (IT support US Non-Voice Process) in Hinduja Global Solutions (HGS) for 16 months. 
3. Working as Salesforce Administrator in Convergys Pvt. Ltd from 30 months.",Salesforce Administrator,September 2014 to Present,"MS Excel - Vlookup, Pivot Table, Macros, Reemove duplicates, Subtotal (1 year)","Additional Information
Computer Knowledge 
 Troubleshooting all Windows XP/7/8 OS and clean install, MS - Office, HTML, Solving system issues through remote desktop 
 
Skills: 
 Creating user accounts, Enabling or disabling users, users access issues, adding / updating profiles & working on reports and data cleaning. 
 Customer Relationship Management (CRM) - Salesforce Admin CRM and other CRM. 
 Chatter, Mobile support, Setup page - Personal Setup, Application Setup and Administration Setup 
 Creating Accounts, Account Plan, Opportunities, Leads, Contacts and Events in Sales Force. 
 Use Data Loader to create mapping files and upsert data, Running Batch Processes for Mass Creation/Insert or Update through Apex Data Loader. 
 Sales Cloud and Service Cloud. 
 Worked on Data Quality, Account Hierarchies, User Management, Merge Accounts, SSR, Contacts. 
 Providing Salesforce Chatter Access. 
 Data Range Assignment Rules, Exact Match Assignment Rules, SGC Integration, Responder Lookups. 
 Creating/Modifying/Updating Reports and Dashboards. 
 Ability to take up responsibility and work with team. 
 Interested in updating knowledge and implementing ideas. 
 
Job Responsibility 
 Responsible in effective interaction with Customer's, 
 Responsible to reply to Official mails, 
 Client Interaction. 
 Designed the all our prospectus & single sheets, Maps. 
 Knowledge in Excel Vlookup, Pivot Table and Reports. 
 System formatting & Installing work. 
 Very flexible for all works & quick grasping power.","Bangalore, Karnataka",Vinayaka University && Board of Technical Education && Board of Secondary,None && None && None,Bachelor of Computer Application in Computer Application && Diploma in Computer Science && S.S.L.C in Education,"I will provide the services in my long life. To work in a challenging environment that provides me ample opportunities and aid me in a professional, personal development besides establishing an outstanding career for my personal advancement."
48,"Vayam Technologies Limited - Chandigarh, Chandigarh && Ind-Swift Ltd - Baddi, Himachal Pradesh","System Administrator under CCTNS Project, Chandigarh. && Job Description: 
Administrating & Maintaining Microsoft network using Windows 2003/2008 servers (Deployment, Production, Updations, vulnerabilty Report, Application, Backup) 
 
All Type Server; SAN Storege ; Load balencer and Data centor monotring and mantence and firmware updation. 
 
Responsibility: 
 Windows 2003/2008 Server Administration 
 Implemented Trust Relationship in Multiple Domain Environments. 
 Active Directory Configuring and Administrating for Multi Site Environment 
 DNS and DHCP Infrastructure 
 CISCO Router configration and monitoring.. 
 Installation / Configuration of Windows 2003, 2008 Server and workstations. 
 Network troubleshooting over TCP/IP. 
 Diagnose and Monitor the performance of network in Windows 2003 & 2008Servers 
 Troubleshooting, Identifying, Isolating and repairing Network related problems 
 Installing necessary software's and utilities for the end user. 
 Installation and Configuration of ADS / Group Policy 
 Terminal services 
 Print Servers Administration 
 Backup and Recovery 
 Antivirus Management (Symantec and MacAfee) 
 Ms-Patch and Software Management 
 Logs and services Monitoring 
 Handling Team Members 
 Risk management in work environment by managing IT security incidents. 
 HP All Type Server, Storage support, management and monitoring. 
 
Non IT Skills: 
 Knowledge of complete power connectivity from RAW power to DC Equipment. 
 Monitoring of PACs, UPS and Battery Bank of UPS, Temperature of Server room and Checking of UPS Logs in case of any fault. 
 Check for the Data centre Floor alignment, Vibration etc. 
 Direct Interaction to the Customers, Various Vendors and ability to co-ordinate with customers and all Vendors. 
 
Management Reporting: 
Daily / Weekly / Monthly Reports (Manual Reports - Presentation with Spreadsheet details) - to be prepared based on Processes (Example - change, problem, incident management reports) 
 
Notable Contributions: 
 Received various appreciations for good work and performance.",System Administrator && Executive (IT),April 2016 to Present && January 2013 to March 2016,Active Directory (Less than 1 year),"Additional Information
SKILL SET MATRIX 
 
Technology/Product Experience 
Microsoft Infrastructure Product: 
Windows [...] Active Directory, DNS, WINS, DHCP etc. Implementer, Maintainer 
 
Security/Antivirus Product: 
Trend Micro ver 12 Implementer and Maintainer 
Symantec Endpoint Protection ver 11 Implementer and Maintainer 
Mcafee 8.0 Implementer and Maintainer - 
 
Tools and Utilities: 
VNC Implementer and Maintainer - 
TeamViewer Implementer and Maintainer 
CA Spectrum Implementer and Maintainer 
Remote Desktop HP Servers (Monotring) Implementer and Maintainer 
Soft Skill: 
Team Building Adopted in all project 
Leadership Skill: 
 
 Leading and motivating the team to work towards the target. 
 Monitoring the Team and ensure the best performance 
 Coordinating with the management and other resources to deliver quality service 
 To ensure the Service Level Agreement (SLA) fulfillment 
 Played a major role in customer satisfaction survey 
 Planning and organizing the various process activities 
 Implementing the existing process to meet great success & to achieve the Goal.","Panchkula, Haryana","Punjab University Regional Center Muktsar, Punjab",None,Master of Computer Application in Computer Application," Overall around 3 years of total experience in Hardware and Networking environment involving Windows Server and Clients, Network Security in setting up and managing large and local area network. 
 HP Server;Storege warnty support. Data centor monotring. 
 Windows with a wide range of administration skills. 
 A background of 24x7 mission-critical environments, full change control process, systems monitoring, and performance analysis. 
 An excellent communicator with dexterity in delivering high value-added services to institutional clients."
1,"Convergys India Pvt. Ltd. - Bangalore, Karnataka && MAERSK GLOBAL SERVICE CENTRES && TCS e- SERVE LTD - Chennai, Tamil Nadu"," Scheduling and booking shipments to ensure smooth and timely delivery of filers. 
 Service Contract administration and Supply Chain Management process. 
 Support Site administration and creating new IDs for customers & site and in SAP. 
 Handling customer queries relating to purchase of new products, service contract renewals and complaints. 
 Sending MIS reports (Productivity, quality and performance) to the manager and Key Client Managers. 
 Sending invoices to customers through SAP. && 1. Designation : SENIOR ASSOCIATE - Front office Administrator 
Company name : MAERSK GLOBAL SERVICE CENTRES INDIA PVT LTD.  
Period : Mar 2012 to July 2013. 
Job profile:- 
 Export, Documentation and Import activities for East Africa. 
 Submitting Import customs manifest and discharge lists to port authorities. 
 Dispute Management in SAP FI-CO(Finance and Supply Chain Management- FSCM) 
 KAIZEN process improvement idea generation. 
 Migrating and implementing the new process and training the team members. 
 Handling queries related to Finance and Accounts for Container business and invoices. 
 Issuing Bill of Lading to customers 
 Issuing Delivery orders 
 Issuing Haulage instructions and arrival notice to customers. 
 Assisting my manager in Virtual Factory Board maintenance && 2. Designation : PROCESS ASSOCIATE - Banking Operations 
Company name : TCS e- SERVE LTD.  
Period : Apr 2009 to Dec 2011. 
Job profile:- 
 Electronic & Manual funds transfers (EFT and MIFT). 
 Standing orders instructions processing (SI). 
 Salary processing for gold customers (IBM, NOKIA, SEVEN SEAS, P&G...Etc.) 
 Signature verification and Cheques clearing. 
 Anti money laundering checks. 
 Call back and KYC for new and existing customer. 
 Exchange rate/e-forex deal updating on a daily basis. 
 Handling queries through SWIFT/TELEX and CBOL 
 Reconciliation of suspense A/c and Nostro accounts on daily basis. 
 Sending listing to the Central bank of UAE on daily basis. 
 Demand draft processing 
 Fund transfer for NRI customers. 
 Sending weekly/monthly proofing reports for various suspense and sundry accounts.",Customer support officer level II && Senior Associate && Associate,December 2014 to October 2016 && March 2012 to July 2013 && April 2009 to December 2011,"Excellent knowlege and experience in Electronic Funds transfers, Salary processing and Standing Instruction order processing. Also experienced in International customer service for Banking and logistics(Exports and imports) also good knowlege in SAP FI-CO. (6 years)",None,"Bangalore, Karnataka","SRM Easwari engineering College, Chennai Chennai, Tamil Nadu && Salem Sowdeswari College Salem, Tamil Nadu && Govt. Hr Sec School Jari Kondalampatti Salem, Tamil Nadu",July 2006 to July 2008 && 2003 to 2006 && 2001 to 2003,"MBA in Finance && B.Com., in Commerce & CSC && HSC in Commercr and Computer Science",To work in a reputed company and to utilize my knowledge and experience in a globally competitive environment which will give me job satisfaction and paced professional growth.
2,"Royal Montessori Pre - School && Mercedes Benz - Raipur, Chhattisgarh","To manage the School's admin office and provide an efficient and confidential secretarial service to the Head teacher, ensuring efficient administrative and financial systems are established and maintained. 
 
 Manage day-to-day activities assigned. 
 Arrangements for all School functions and Society meetings. 
 Overall supervision of Boarding Houses, Academic Buildings, Gardens and Grounds and Office. 
 Handle all matters of show cause notices, charge sheets, enquiries etc. 
 Supervise the cleanliness in the school. 
 Supervision on School Property and on Admission Procedures. 
 provide administrative support to an academic team of lecturers, tutors or teachers. && Managed High net worth clients with after sales service. Supervised order management, customer relations. Monitored inventory levels to ensure on-time delivery of services. Provided team leadership to accomplish department goals and monitor work flow. 
 
 Proactive customer service, serving as a liaison between technicians and clients. 
 Excellent telephone presence for appointments and effective interpersonal skills. 
 Ability to grasp thorough understanding of product features to better serve customers. 
 Experienced in supervision and timely reports to management, using MS Word, Excel, Outlook, and CRM Automotive Information System.",Administrator && Priority Relationship Executive (After Sales),January 2015 to March 2016 && January 2014 to November 2014,customer relation admin (2 years),"Additional Information
Customer Relation Executive , Customer Relation Manager Administration , Admin, Fundamentals of computer & information tech. Operation System. Windows, Linux , DOS Computer in Office. Word, Excel , power point, out look. Tally. Communication Skill & Personality Development. Introduction to web & tech","Raipur, Chhattisgarh","SNDT Women college Mumbai, Maharashtra",May 2013 to November 2016,B.A in Arts,"Articulate, results-oriented customer service professional. Excellent communication and problem-solving skills. Self-directed, team player. Dedicated to achieving customer satisfaction as well as meeting or surpassing company expectations. Able to focus on project, develop strategies and meet or exceed deadlines. Strong rapport with personnel, customers, and associates based on knowledge, professionalism, integrity. 
Computer proficiency on Windows platforms includes Microsoft Word, Excel, Outlook Express, PowerPoint, Internet communications. 
 Improved customer satisfaction and services delivery during client acquisition which resulted in 70% increase in sales. 
 An unwavering commitment to providing exceptional customer service, with the ability to build productive relationships, resolve complex issues and win customer loyalty. 
 Outstanding problem solving and active listening skills - able to diffuse difficult customer situations with tact and ease, achieving winning outcomes for both the customer and company."
7,"Webmindz - Bangalore, Karnataka","Experience in Detail 
 
Employer Webmindz 
Duration Jan 2014 - Sep 2016 
Role System Administrator 
Responsibility 
LINUX 
 
 Installation, Configuration, Maintenance and Administration of Red Hat Enterprise Linux 5/6. 
 Mounting, un-mounting, partitioning and creating new file systems. 
 Scheduled jobs using CRON utility. 
 Created user accounts and assigns the user privileges using SUDO utility. 
 Performed security patches up-gradation using Red hat satellite network. 
 Performed Kernel upgrades and configuration. 
 Configured Network services like DNS, DHCP, SSH, NTP. 
 Configured File sharing services like NFS, VSFTP. 
 Cross Platform File Sharing by SAMBA SERVER Configuration 
 Configured LVM (Extending, Shrink) and Grub modification, Kernel Update and String Processing. 
 LVM Migration from Server to Server 
 Performing File System Backups and Restores. 
 Configuring and Managing SWAP space. 
 Created LUN using EMC console and performed host level mapping. 
 Upgrade BIOS Firmware, Kernel 
 Coordinating with Multiple Teams, Vendors & Customer driving towards resolution. 
 Hardening, Security, Vulnerability Assessment of Servers 
 Bash Script alert for monitoring OS and Application services. 
 Handling all production deployments and patches over all environment of Linux/Unix servers 
 Good hands of experience of working in with LDAP, Web Servers, and Send mail. 
 Good hands of experience in SElinux & Linux Firewall. 
 Creating, Installing, Configuring and maintain the Virtual Machines. 
 Creating and maintaining user accounts, profiles, security, disk space, and process monitoring 
 Basic network administration 
 Control the Clients using Squid Proxy Server to access the internet. 
 Scan EMC LUNS and mount it to Linux box 
 
WINDOWS 
 OS INSTALLATION: Win XP, Win 7 & Win 8 
 Assembling, Hardware Up-gradation, Troubleshooting 
 Configure Printer Sharing and File Sharing from Server to User Systems 
 Basic Networking, Map Drive, Data Sharing 
 Remote Desktop Connection 
 Help desk Management and Support 
 Installing and Troubleshooting local and Network Printer 
 Creating and Managing User Accounts in AD 
 Day-to-Day management of Domain Controllers 
 Manage Group Policy at root of domain and Domain Controllers OU 
 
Environment  RHEL 5, RHEL 6, Ubuntu and EMC Storage",System Administrator,January 2014 to September 2016,"Rhce (2 years), NFS (2 years), Active Directory (1 year), Troubleshooting (1 year)","Additional Information
Technical Skills 
 
Operating System - Redhat Linux, Centos, Ubuntu 
System Administration - Linux, Windows 
Monitoring Tool - Zabbix 
Package Management - RPM & YUM tools 
Databases - Mysql 
Storage - LVM, RAID","Villupuram, Tamil Nadu","IFET College of Engg, Anna University",May 2012,Bachelor in Computer Science & Engineering," 2+ years' experience in IT industry relevant to Linux/windows server Administration 
 Hands on experience on Dell Servers 
 Worked on Redhat Linux 5 & 6, CentOS, Ubuntu 
 Worked on Windows Administration, Active Directory 
 Worked on Firewall Configurations 
 Worked on Mysql database"
13,"Resource Integration Solutions Enterprise - Visakhapatnam, Andhra Pradesh","Over all 2 Years of Experience. Currently working with an Information Technology and Services. 
 Experienced in Managing system administration, networking and hardware management & maintenance in the organization. 
 Experienced in Cloud Services like Rackspace and Azure services. 
 Experienced in NAS (Network Attached Storage) Devices. 
Company Profile 
Resource Integration Solutions Enterprise Inc. (RISE), a Dallas, Texas based company with global focus on Demand Applications, Cloud computing, Data Management and Services providing solution for an integrated enterprise. RISE has a network of offices and development centers across the US and India. It ensures that we deliver complete solutions that help you to build customer loyalty through increased levels of service and improved quality of outputs. 
Job profile 
 Windows Client Operating Systems Windows7, Windows 8 and Windows 10. 
 Servers Operating Systems: Windows 2000, Windows 2003, Windows 2008 and 2012 R2. 
 Worked on Windows Server 2012 R2 Active Directory and Group Policy Objects. 
 Cloud hosting (Web Sites) Maintenance and Backup Monitoring in Cloud. 
 FTP Client and Servers Maintenance. 
 Software and Hardware Troubleshooting. 
 Servers Downtime Maintenance and Daily Backups Monitoring. 
 Internal Ticket Process system Monitoring and Assigning tickets to appropriate support teams. 
 NAS Storage Devices Maintenance. 
 Switches, Routers and Wi-Fi Devices Configuration and Troubleshooting. 
 LAN/WAN Maintenance, VPN (Virtual Private Network) and RDC (Remote Desktop Connection) 
 Worked on Microsoft In tune End Protection Antivirus for Client Machines. 
 
 Operating System (OS) Installation and Drivers updating, Upgrading Patch Levels and License Maintenance. 
 Worked on Google Products like (Drive storage allocating, Users Email Creation, domain creation, Renewals, User administration, API's) 
 Maintain all required documentation including standards, configurations and diagrams 
 Experienced on MS Office Suite (2007, 2010 and 2013): MS-Excel, Word, Outlook 
Configuration, PowerPoint, and Visio. 
 Office 365 Configuration. 
 VoIP (Voice over Internet Protocol) Handling. 
 Printer configuration and Installations.","Desktop Support Engineer,System administrator,",August 2014 to Present,"MCSA, CCNA (2 years)","Additional Information
Skills 
 
 Proficient in Windows Server 2008, 2008 R2, 2012 and 2012 R2. 
 Certified on MCSE, CCNA and Hardware and Networking. 
 Cloud Services. 
 
Other activates 
 
 Participated in Chess & Cricket competition.","Visakhapatnam, Andhra Pradesh","JNTU Kakinada University Kakinada, Andhra Pradesh && Board of Intermediate Education && Board of Secondary Education",May 2014 && March 2010 && March 2008,B.Tech && S.S.C. && None,To obtain a challenging and rewarding position in System and Network Administration with an organization this recognizes my true potential and provides me sufficient avenues for professional growth through nurturing my technical skills and competencies.
