CandidateID,Company,Job-Description,Job Title,Job-Duration,Skills,Additional-Info,Location,Institute,School-Duration,Qualification,Resume-Summary
0,"Administrator Work At Bharat Electronics Limited, Smart card division ,Bangalore - Chennai, Tamil Nadu","A competent B.E in Electronics and Communication Engineer with 1 year and 6 month of experience in Administrator Work At Bharat Electronics Limited, Smart card division ,Bangalore .",SQL Database Administrator,March 2015 to November 2016,Sql Dba (2 years),"Additional Information
TECHNICAL SKILLS 
 
Languages: Intermittent in OOPS 
Software Packs: MATLAB, XILINX and MS Office 
Operating systems: MS windows","Chennai, Tamil Nadu","Anna University-Arunai College of Engineering Tiruvannamalai, Tamil Nadu && Government Girls Higher Secondary School && Government Higher secondary School",None && None && None,B.E in Electronics and Communication Engineering && None && None,"Entry level positions in manufacturing of electronics equipments and testing of equipments in a reputed organization 
 
 B.E. from Anna University - Arunai College of engineering, Tiruvannamalai with exposure to handling of various special electronic devices, computation in MATLAB and troubleshooting through Programmable Logic controller. 
 Strong communication, collaboration and interpersonal skills with proficiency in grasping new technical concepts quickly and utilizing them in an effective manner. 
 Abilities in handling multiple priorities with a bias for action and a genuine interest in personal and professional development. 
AREAS OF EXPOSURE"
1,"Hewlett Packard Enterprise Pvt. Ltd. - Bangalore, Karnataka","Currently working as a MySQL Database administrator at Hewlett Packard Enterprise HPE. 
 Actively tracking incidents and closing them by following up with team  
 Recovering the databases from backup in disasters  
 Worked as an L2 Database Administrator 
 Undergone Sybase and MySQL DBA training.",Database Administrator,May 2016 to Present,Database Management (Less than 1 year),None,"Mumbai, Maharashtra",Sheffield Hallam university UK && Rizvi college of engineering mumbai && Kvmit polytechnic mumbai,None && None && None,Msc && B.E computer engineering && Diploma in information technology,None
3,Bell Canada,"DBA) in ALLWEIRD SOFTWARE PVT. Ltd. from Aug '2013 to Present. 
 
PROJECTS 
1. Project: Billing Software of Amdocs 
Client: Bell Canada 
Role: Database Administrator 
 
Bell Canada project. Bell is leading telecom service provider in Canada. Being a member of this project 
we have to provide end to end support to our client (BELL) which include installation of oracle, database creation, tuning the database, tablespace management, user privileges and profiles, provide backup to the clients as well as recovery of the database in case of failure, database performance monitoring, tracing of jobs etc. Bell is basically using ensemble (Billing software of Amdocs) . So we have to also provide support to our development team as well as Bell's testing team. I was also the member of deployment team (Product release of Ensemble), in which I have to apply database patches, perform database sanity etc with respect to changes made by release 
 
2. Project: SmartBuzz Providing System 
Client: SmartBuzz 
Role: Database Administrator 
 
RESPONSIBILITIES 
 Creating User Accounts, Roles, Profiles and monitor users access to database. 
 Creation of new tablespaces, schema owners and other database users. 
 Granting of roles and privileges to users. 
 Create and maintain the Database Structures like Tablespaces, Rollback segments, Undo 
Segments, Tables, Indexes etc. 
 Setting up logical / physical backups for the database. 
 Scheduled hot and cold backups. 
 Performing complete / incomplete recovery of the database for the clients. 
 Cloning of the database for the Clients. 
 Assisting the developers regarding sql tuning. 
 To monitor the jobs and check the wait events and suggest the respective teams 
accordingly. 
 Performing export / import for database restoration. 
 Check daily backups and troubleshoot if there is any failure.",Database Administrator,August 2013 to Present,Oracle DBA (3 years),"Additional Information
TECHNICAL SUMMARY 
More than 3.4 years of experience in Oracle 10g and 11g Database Administration, Enterprise Manager, RMAN, Backup, Recovery operations 
 
Scheduled, installed, configured, managed and troubleshot Oracle 10g, 11g databases on Linux and Windows OS 
 
Created, tested and developed databases following OFA compliance rules 
 
Experienced in creating databases, table spaces, tables, indexes and other database objects; implement various table partitions for large tables, multiplexing control files and redo log files 
 
Administered database user accounts; created, modified, deactivated user accounts; assigned and monitored access rights 
 
Managed Undo Tablespaces, Schema Objects, Redo Logs, Control files and Archive logs. 
 
Analyzed and monitored tables, indexes based on performance, tablespaces and datafile utilization regularly 
 
Consistently monitored alert log files, trace files, user sessions daily, and took appropriate actions to kill inactive sessions and make systems manipulations based on logs 
 
Configured various RMAN parameters as per required, implemented the use of Oracle Recovery Manager (RMAN) for cold and hot backup to all databases; performed physical backups and database cloning using RMAN utility 
 
Extensively used DATAPUMP and Export/Import utilities for logical backups 
 
Created and rebuilt indexes when necessary; created and tuned various materialized views 
 
SKILLS 
Databases: Oracle 10g / 11g. 
Tools: rman, imp/exp, Data Pump, Toad, SQL Developer 
Operating Systems: Windows [...] UNIX, Linux. 
 
STRENGTHS 
 Hardworking. 
 Excellent technical abilities. 
 Remarkable logical and analytical skills.","Bangalore, Karnataka",MMHA&P University,None,Bachelor in Computer Applications,An accomplished Oracle Database administrator (DBA) with expertise in technical skills and knowledge fruitful for the growth of the firm.
5,"Infosys Ltd Ltd - Hyderabad, Andhra Pradesh && Tech Mahindra - Hyderabad, Andhra Pradesh && CMC Ltd - Bangalore, Karnataka && CMC Ltd - Hyderabad, Andhra Pradesh","Worked as a Database Administrator in Tech Mahindra Ltd, Hyderabad from May 2014 to Oct 2014. && Worked as an Application Support Engineer in CMC Ltd, Hyderabad from Mar 2008 to Sep 2009. && None && None",Database Administrator && Sr.DBA && Database Administrator && Application Support Engineer,November 2014 to Present && May 2014 to November 2014 && April 2010 to May 2014 && March 2008 to March 2010,MS SQL Server DBA,"Additional Information
SKILLS: 
Database: MS SQL SERVER [...] 
Tools: SQL Server Management Studio, SQL Server Profiler, Citrix GotoAssist, SQL Monitor, Remedy, ITSM, IServe, Altiris, HPSM and Tivoli 
Operating Systems: Windows XP & Windows [...] 
Programming Lang: T-SQL","Hyderabad, Andhra Pradesh","Osmania University Hyderabad, Andhra Pradesh",2004 to 2007,MCA," Overall 8.7 years of experience in Information Technology 
 Having 6.6 Years of experience in MS-SQL Server [...] Database Administration. 
 Having experience with installation and configuration of MS SQL  
Server 2000, 2005, 2008 and 2012 applying necessary service packs and patches.  
 Implemented In-place and Side by Side Migration of MS SQL SERVER 2005 to 2008 R2 and 2008R2 to 2012 
 Proficient in configuring, implementing, and monitoring different types of High Availability and disaster recovery scenarios like Always On, Mirroring, Replication, log shipping, and clustering. 
 Scheduling Backup and Restoring of Database.  
 Created, performed, maintained and tested all backups and Recovery Models.  
 Creating logins, users and assigning them permissions on demand. 
 Involved in restore operations to refresh the data from production to test servers. 
 Management of Database Space, Growth Monitoring of Data & Transaction log files. Monitoring Log files for security and troubleshooting purposes. 
 Monitoring Disk Space of all the Servers and freeing up space as per SQL Server i.e. Older Backups, Unused Files etc.  
 Involved in optimizing code and improving efficiency in databases including indexing, updating statistics and performing other maintenance tasks.  
 Experience on Trouble shooting and resolution for Database issues.  
 Monitoring SQL server performance using profiler to find performance and deadlocks and experience on performance tuning and day-to-day database monitoring activities.  
 Monitoring and managing the process of job flow and getting all jobs executed within target time and SQL Server jobs monitoring, Job failures and root cause analysis.  
 Experience on Production support as per on Requirements basis."
6,"Chirayu Medical College and Hospital - Bhopal, Madhya Pradesh","Chirayu Medical College and Hospital (CMCH) Role: Database Administrator 
Project: Hospital Information System (HIS) 
Description: 
The objective of the project is to manage the information of the patient. The patient information is taken into the system and maintained through all the processes until the decision is taken. 
Responsibilities: 
 Understand the user requirement. 
 Implement on the requirement. 
 Created user manual for the software. 
 Provide training to the users for handling software. 
Tools: SQL, Visual Basic, Dot Net. 
 
Chirayu Cancer Hospital (CCH) 
Project: Doctor-G Hospital Management System (HMS) Description: 
The objective of the project is to manage the information of the patient. The patient information is taken into the system and maintained through all the processes until the decision is taken. 
Responsibilities: 
 Understand the user requirement. 
 Implement on the requirement. 
 
 Created user manual for the software and Provide training to the users for handling software. 
Tools: SQL, Visual Basic, Dot Net.",Database Administrator,September 2014 to June 2016,"mysql, Java, Hadoop (2 years)","Additional Information
TECHNICAL SKILLS 
 
 Programming Skills: Java 
 Database: Mysql. 
 IDEs: Sql server 2008, Dreamweaver, Netbeans. 
 Operating Systems: Windows, Linux.","Bhopal, Madhya Pradesh","Lakshmi narain college of technology and science, bhopal Bhopal, Madhya Pradesh && Govt. Boys H. S. School Bhopal, Madhya Pradesh",July 2009 to June 2013 && 2009,BE in Information Technology && HSC,My goal is to become associated with a company where I can utilize my skills and gain further experience while enhancing the company's productivity and reputation.
10,Accenture Service Pvt Ltd,"Technology IBM DB2, Oracle, UNIX Scripting 
Duration February 2014 - October 2016 
Role Database Administrator Team Size 10 
 
Project Description: 
Kaiser Permanente is an integrated managed care consortium, based in Oakland, California, United States. It sells health insurance plan through brokers to the public and Kaiser offers compensation to the Brokers selling its insurance plans. I have been supporting 2 Applications under Kaiser Permanente, i.e. National Pricing System and Broker Compensation Services 
 
Responsibilities: 
 Database Installation, Upgrading and Configuring DB2. 
 Database Maintenance like Monitoring DB Backup, Health Check-up, Performance Tuning, Fine tuning Complex Queries, Reorg and Runstats, Rebind, DB Refresh for both DB2 and Oracle. 
 Database Transactional Activities like making DDL, DML and DCL changes as a part of Releases. 
 Working closely with Development, testing and Production Support during Releases for all the DB activities. 
 Supporting Production Environment for two Applications using IBM DB2 database and Oracle Database. 
 Expertise in Unix Shell Scripting and automating processes to avoid Manual Effort. 
 Troubleshooting 
 Handling Optim tool for performing Archive and Purge of Data every Quarter for both DB2 and Oracle database.",Database Administrator,February 2014 to October 2016,"Db2 (3 years), Oracle Dba (3 years), Unix Shell Scripting (3 years)","Additional Information
CORE COMPETENCIES 
 Have been working as a IBM DB2 and Oracle DB Admin. 
 Expertise in DB2 Installation and Upgrade of DB2, all basic transactional activities of DB2 and Oracle. 
 Have been working on DB maintenance activities like 
* Database Backup, 
* Database Monitoring, 
* Health Check-up, 
* Query and Performance Tuning, 
* DB refresh (RMAN Refresh for Oracle), 
* Recovery for both DB2 and Oracle. 
* Table level backup (export & import) for Issue Triage. 
 Have been performing Health Check-up for Oracle database, 
* File System Check, 
* Database Status (whether DB is up and running or not), 
* Invalid Objects & Locked Objects 
* Long Running Queries, 
* Backup Images and Archive Logs Movement to TSM Server, 
* Tablespace Usage, 
* Datafile Size Check, 
* Temporary Datafile Usage Check (Whether Autoextensible or Not), 
* Tracking Database Size and Table Size on everyday basis, 
* User List Tracking (SOX) 
* Lcount for Users 
 Automated many activities using Shell Scripting to avoid Manual Effort. 
 Taking ownership of all the activities from DBA end like DB refresh, preparing DDL, executing DDL, DML & DCL and code migration while handling releases. 
 Have worked on OPTIM Tool to perform Archive and Purge of data as a part of DB Maintenance release for both DB2 and Oracle. 
 Troubleshooting. 
 
TECHNICAL SKILLS 
 
Languages SQL 
Database Tools& Technologies IBM DB2, Oracle database 11g 
Scripting Language Unix Shell Scripting 
Tools Putty, Optim, Version Control Tool, SQL Developer 
Domains Worked Health & Public Insurance","Gurgaon, Haryana","West Bengal University of Technology Hugli, West Bengal",August 2009 to June 2013,B.Tech in Computer Science," Have 3.2 years of work experience in IBM DB2 database and Oracle Database as Database Administrator. 
 Expertise in DB2 Installation and Upgrade of DB2. 
 Expertise in all basic transactional activities and DB maintenance activities of DB2 and Oracle. 
 Have supported Production Environment efficiently without any escalation. 
 Expertise in Shell Scripting."
11,"Tera Software Limited - Mumbai, Maharashtra","Oracle Database Administrator with 1.7+ yrs of Experience, B.Tech/B.E. in Information Technology currently living in Mumbai.",Oracle Database Administrator,June 2016 to Present,"Oracle Dba (2 years), Sql (2 years)",None,"Mumbai, Maharashtra","St.Martin's Engineering Colloge (JNTUH). Hyderabad, Andhra Pradesh",2011 to 2015,B.Tech in Information Technology,None
19,NIIT Technologies,"Over 15 months of IT experience in ""Manage Services"" includes 12 month dedicated 
experience as ""Oracle Database Administrator"" with proficiency in ""Oracle 11g/10g"" on 
Sun Solaris, Linux and Windows. 
 
 MonaLisa (PRA System) - The basic purpose of an airline revenue accounting 
system is to manage the control, reporting, use and accounting of tickets, MCOs, excess baggage tickets and other accountable documents. 
 Technology/Software tools used- Oracle Database, Oracle Business 
Intelligence, Sql Server, Oracle Forms and Reports 6i. 
 
 Responsibilities in Project- I am taking care of the 10+ database instances and IT 
related work. Creates and maintains all databases required for development, testing and production usage.Plans and implements backup and recovery of the Oracle 
database.Troubleshoots with problems regarding the databases, applications and development tools.Manage sharing of resources amongst applications.Performs 
database activity tuning on time to time to ensure performance and ensure maximum 
uptime.Ensure security of data, network access and backup systems.Maintaining 
Microsoft and Unix servers. Managing AD (Active directory) and implement security 
time to time.Managing day to day Idrac dell servers and storage and firmware 
upgradation. Time to time upgradation of vSphere.",Oracle Database Administrator,July 2015 to Present,"Oracle DBA (1 year), Oracle (1 year), Unix Shell Scripting (1 year), Windows server (1 year), Suse Linux (1 year)",None,"Morena, Madhya Pradesh","Jaypee University of Engineering and Technology Guna, Madhya Pradesh && Victor Convent H.S.School Morena, Madhya Pradesh && Victor Convent H.S.School Morena, Madhya Pradesh",2011 to 2015 && July 2014 to August 2014 && 2007 to 2008,B.Tech in CSE && Industrial Training && Class X,None
21,"IT Source India Pvt Ltd - Navi Mumbai, Maharashtra","ventured into the banking technology as a system integrator for implementing Core Banking solution. HP provides all kind of support i.e. Application, Networking, and Database to successfully run the project ""STAR-SHAKTI"" for Bank of India. This project is running under the boundaries of System Level Agreement (SLA) on which HP provides the services. 
 
Responsibilities: 
Oracle Database Administrator: 
 Working with Production, Testing & Standby Database Servers on UNIX and Windows platforms. 
 Upgrading the database from 10.2.0.3 to 11.2.0.4 (10g to 11g) 
 Troubleshooting database issues. 
 Installation of oracle 11g (11.2.0.4) on database server. 
 Silent installation on database server. 
 Installation of SQLT on database server. 
 Applying Oracle patches (PSU) on Database servers. 
 Switchover and switchback of databases. 
 Creating indexes and views. 
 Rebuilding of Indexes for better performance, maintenance of Oracle databases. 
 Created new user, Tablespaces as per the requirement of Application Team. 
 Assigning roles and privileges or grant to different user. 
 Checking mount points on servers and managing space time to time. 
 Manual creation of oracle database. 
 Incremental backup of database. 
 Restoration of database. 
 Taking metadata of tables, indexes, users, roles. 
 Scheduling cron jobs for database activities. 
 Changing dbid and dbname of database server. 
 Taking AWR, ASH report. 
 Gather stats of multiple tables. (Analyze) 
 Multiplexing control files of database. 
 Shaired server implementation (MTS) on oracle database server. 
 Checking Execution plans of queries. 
 Manual recovery on DR database server in case log shipment gap. 
 Creting service request (SR) with oracle support. 
 Support to month end, quarter end and year end operation. 
 Sending user review and audit reports to concern team. 
 Raising RFC and Change Request (CR), and representing the change request in the meeting.",Oracle Database Administrator,January 2015 to Present,"Oracle Dba,10g/11g (2 years)","Additional Information
TECHNICAL SKILLS 
 
Database: Oracle Database administration, SQL 
Operating System: Windows 7/XP, Unix","Navi Mumbai, Maharashtra",Shivaji University && A.G.High School Dapoli,2014 && 2010,B.E in Computer Science && H.S.C.,"Two years working as Database Administrator in Production environment, supporting Oracle instances. Involve in maintaining high availability, scalability and increase manageability of Database with administration, trouble shooting, installation, patching, upgradation and various Oracle Database related maintenance activities."
23,"Reena Info Tech pvt ltd - Hyderabad, Andhra Pradesh && Reena Info Tech pvt ltd - Hyderabad, Andhra Pradesh","Title: Hospital Management Information System (HMIS) 
Environment: ASP .Net, C#.Net, AJAX, CSS, SQL Server 2005 
Team Size: 8 
Client: SVS Super Specialty Hospital 
Duration: July 2010 to March 2011 
 
Description 
Hospital Management Information System (HMIS) Software is a Powerful, easy to use and has designed and developed to deliver real conceivable benefits to hospitals and clinics. It covers wide range of Hospital Administration and Management Processes. It is integrated to client / Web server Application. 
Hospital / Clinic Parameters Setting: Simple way to create or Modify the Hospital Settings, Creating users, defining User Privileges', Setting up of Charges, Restricting the entries in a page can be done in few Seconds. 
 
Functionalities 
 Patient Registration System 
 Out Patient Module 
 Medical Records 
 Uploading the data to Central System 
 Doctors Duty Register 
 Users Management 
 Medicines Management 
 Advanced Reports 
 Mailing Functionality 
 
Responsibilities: 
 Involved in the Modules Payroll, Finance for the development of Analysis and code using C#.Net 
 Extensively used ADO.NET objects such as Data Adapter, Data Reader, and Dataset for Reading/Inserting/updating/Deletion of records in the database. 
 Involved in the all Phases of Software Development Life Cycle like Requirements Gathering, Analysis, Design, Implementation and Testing. 
 Having best practices like implementing 3-Tier Architecture, Mailing functionality and Creating SQL Server Stored Procedures. 
 
PERSONAL TRAITS: 
 
 Commitment and Smart Working. 
 Optimistic and having good time management. && Duration: August 2009 to April 2010 
-Description 
- C#, ASP.NET, T/SQL, SQL and Java Script 
-Role DATABASE DEVLOPER 
 
Description: 
-E-Banking System is a web based application .The main purpose of this project is to reduce the time of Banking Transaction. 
-With the help of this project we perform all the transaction online. 
 
-This Project are more secure means unauthorized user cant access to the information of other user, to perform this operation we used SSL Layer. 
-Design the Database for this project. 
 
-Given securities for web pages also means any unauthorized person are not take the information 
 
of other user. 
 
Responsibilities 
 Involved in the Admin Module 
 Implemented user interface using HTML, CSS, AJAX and JavaScript 
 Used Validation Controls in ASP.Net for validating Front-end form 
 Extensively used Grid Views with sorting and paging 
 Involved in the all Phases of Software Development Life Cycle like Requirements Gathering, Analysis, Design, Implementation and Testing. 
 Used N-tier architecture for presentation layer, the Business and Data Access Layers and were coded using C#.Net 
 
PROJECT # 2","Database Developer,Database Administrator && Database Developer,Database administrator",November 2015 to Present && October 2015 to Present,"T/SQL,PL/SQL,SQL,SSIS,SSRS. (2 years)",None,"Hyderabad, Andhra Pradesh","RGPV Bhopal (M.P.) Bhopal, Madhya Pradesh",August 2010 to May 2014,BE in Computer Science and engineering,To be employed in a firm where I can put my technical skills to use in enhancing the database systems and in developing software that will be boost the company's productivity..
24,"Unisys - Bangalore, Karnataka","2015 
 Worked as a SQL SERVER Database Administrator for Emphasis during June, 2013 to May, 2015.",SQL SERVER Database Administrator,June 2015 to Present,"Backup,restore,mirrioring,logshipping,migration.upgradation (3 years)","Additional Information
Technical Skills: 
 
RDBMS: Microsoft SQL [...] 
 
Operating Systems: Windows Server [...] 
Tools: SSMS, SCM, Profiler","Bangalore, Karnataka","Venkateswara University Tirupati, Andhra Pradesh",None,BSC in computers,None
28,"IBMC India Pvt Ltd - Bangalore, Karnataka","Client: Bank Of Ireland  
Role: SQL Server Database Administrator  
Environment: Window Server  
Database: SQL Server 2005 ,SQL Server 2008 & 20082 ,2012 and 2014 
Ticket Tracking Tools: Maximo Incident Management & SNOW(Services Now) 
Duration: 20 Jan 2015 to till date  
Team Size: 08 
 
Project Description:  
 
The Bank of Ireland is a commercial bank operation in Ireland and one of the traditional 'Big Four' Irish banks. Historically the premier banking organization in Ireland, the Bank occupies a unique position in Irish banking history. At the core of the modern-day group is the old Bank of Ireland. 
 
We are maintaining and provide the DBM support for 1200 SQL Instance with more then 6000+ Databases which Include Staring from SQL Server 2000 to SQL Server 2014.  
 
Roles & Responsibilities:  
 
Responsible for providing L2 Level support on priority of the issue to meet client SLA. 
Providing Dedicated support to Client on 24*7. 
Proactively Monitoring & Resolve P1/P2/P3/P4 Incident and Service Request in Queue. 
Daily checking and resolving the tickets depends on the priority levels. 
Performs Changes and Provide Support for the Change Management.  
Performing SQL Server Deployment task on Production servers . 
Troubleshooting day to day SQL Server Issue. 
Performing Daily Health Check on Critical Server. 
Recovering the databases from backup in disasters. Implementing Point-In-Time Recover Solutions. 
Health checks which included (Checking state of databases, checking free space on the data as well 
as log drive, job failures involving ,Backups, consistency checks, job failures dueto blocking etc). 
 Monitoring and Managing day to day operations by providing services in SQL Administration  
related tasks and ensuring infrastructure is maintained as per the client's requirements Creating  
Customized Database as per requirements. 
 Handling conference and bridge with Customer and other teams on Critical issue.  
Installation and Configuration of new SQL Server . 
Involved on Configure & Design new SQL Server Cluster Environment . 
 Monitoring Day to day backup and Fix the issue. 
 Installed service packs and security fix on production, test and development servers. 
 Experience of Patching activity on SQL Server Cluster Environment.  
 Performing Restoration Depending once the business requirement 
 Creating Users and granting appropriate Privileges.  
 Managing User Roles and Privileges. 
 Implementation of SQL Logins, Roles and Authentication Modes.  
 Perform day to day Database Maintenance task , Database Monitoring, Backups, Space  
Management, Resource Utilization, responsible for performing object, data migration between all 
production database Servers.  
 Coordinating with various team and solve the Space Issue and Performance Issue. 
 Shirking log file and databases as per the requirement.  
 Monitoring memory pressure and CPU utilization and IO utilization.  
 Monitor log files to proactively resolve issues related to scheduled SQL jobs, stored procedures. 
 Monitoring and maintaining the SQL jobs running on various servers.  
 Identify blocking issues, deadlocks issues and slow running queries.  
 Worked with SSIS & SSRS for various BI requirements. 
 Perform ETL Package deployment on SSIS Tool. 
 Schedules new Job for SSIS Packages. 
 Fixing the Backup Issue on Backup tool (TDP,HPDP) with Coordinate With other teams.  
 Performing SQL Test cases on Pre Production Server and Newly installed SQL Server. 
 Perform CIRAT (Complains, Issue & Risk) related work for SQL Server. 
 Working Experience on APAR & SA&D(Server Activation & Deactivation Process).",SQL Server Database Administrator,January 2015 to Present,"SQL Server DBA, SQL Server 2012.SSMS, SSAS,SSIS,SSRS (3 years)",None,"Bangalore, Karnataka","Centurion University of Technology and Management && Sundargarh Engineering School Sundargarh, Orissa",None && None,B. Tech && Diploma,"Seeking a position to utilized my skill and abilities in an IT organization that offers challenge and professional growth while being resourceful, innovation and flexible."
32,"Confidential - Contact for further details - Hyderabad, Andhra Pradesh","As a Junior DBA, Technical support will be provided 24x7 as per client requirement for their production environment and remote on-call support, performing day-to-day activities and make sure that server is always accessible and databases are online. 
Installing and Configuring Hardware as well as Software with required RAID Levels. 
Hands on Experience in installing, configuring, managing and patching SQL Server 2008 and SQL Server 2014. 
Regular monitoring of Databases and servers, which includes server disk space, checking server health, monitoring logs, Scheduling Backups for execution and ensuring jobs have run successfully. 
Administering the MS SQL Server by Creating User Logins with appropriate roles, dropping and locking the logins, monitoring the user accounts, creation of groups, granting the privileges to users and groups. SQL Authentication. 
Perform Full Backups and Transaction Log Backups, Validating and Restore them whenever necessary. 
Providing security at database level as well as server level. 
Installation of Linux servers and configuring in a network. 
Monitoring the running threads which were scheduled in Linux Servers. 
Hands on Red Hat Linux, Linux Operations, Servers. 
Maintaining Documentation for every task done.",Database Administrator,April 2016 to Present,"SQL SERVER (1 year), SQL DBA (1 year), Linux (1 year), Microsoft Office (1 year)","Additional Information
 An Optimistic individual and team player towards work 
 Ability to continuously strive for improvement in existing processes 
 Strong determination towards life, to do something new 
 Excellent communication, presentation and interpersonal skills 
 Ability to work and handle critical situations proactively 
 Strong troubleshooting and organizational skill 
 Quick Learner","Hyderabad, Andhra Pradesh","Mallareddy Institute of Technology and Science Secunderabad, Andhra Pradesh && SR Junior college Karimnagar, Andhra Pradesh && Sidhartha High school Karimnagar, Andhra Pradesh",2012 to 2016 && 2010 to 2012 && 2009 to 2010,B.Tech in Computer Science && SSC in Science && None,Seeking a challenging position in an organization that gives me an immense scope to update my knowledge and skills in accordance with the latest technologies and to take a crucial part in the development of an organization.
35,"Tata Consultancy Services (TCS) - Bangalore, Karnataka"," Having excellent communication, interpersonal and technical skills 
 
 I can adopt with new Environment and Technology quickly. 
 Proactive and dynamic to work. 
 
Current Employer 
Company: Tata Consultancy Services 
Project: American Express (AMEX) 
Working from: August 1st 
Role: Database Administrator 
 
Curriculum Project: 
Project: Question Paper Generator System 
Role: Team Member 
Team Size: 2 
Environment: ASP.net, MS SQL Server 2008 
Description: This system allows Universities to generate question papers with random questions using ASP.net in Visual Studio environment. It is helps to generate instant question papers for Universities before commencement of exam.",Database Administrator,August 2016,"-Programming Languages : Java, .NET, PHP -Operating Systems : Windows XP, Linux, MS-DOS -Packages : Microsoft Office -RDBMS : Oracle,MS-SQL server","Additional Information
Technical Skills 
 
Operating System Windows [...] 
Languages C, C++, Java, Visual Basic.Net 2008 
Databases Microsoft Sql Server 2005","Belgaum, Karnataka","Rani Channamma University Belagavi Rani, Rajasthan && Department of Pre-University Education && Board of Secondary Education && Board/Institute",2016 && 2013 && 2011 && None,BCA && S.S.L.C && Year Of Passing && None,Aim to be associated with a Progressive organization that gives me the scope to share my knowledge and skills in accordance with the latest trends and be a part of team that dynamically works towards the growth of organization and gives the satisfaction thereof.
38,Plumslice Lab && Cygnet Infotech Pvt Ltd && eClinicalWorks Pvt Ltd && Plumslice Lab Pvt Ltd,"Web Site: https://www.plumslice.com 
Plumslice Lab is a cloud base software company which provide a suite of web and mobile apps to help ecommerce retailers to manage and sell their products more economically, creatively, and efficiently. 
Designation: Database Administrator Duration: Jan-2016 - Present 
 
Roles & Responsibilities: 
 Installed and configured and manage MySQL on AWS RDS Linux environments. 
 
 Database designing, development using stored procedures, views, joins etc and performance enhancement activities. 
 
 Implementing, Administering, troubleshooting and monitoring multiple MYSQL servers on Linux platform. 
 
 Increased database performance by utilizing MySQL configuration changes, multiple instances and by upgrading hardware. 
 
 Performance tuning of MYSQL Servers and OS parameters. 
 
 Up gradation of MySQL database server from one version to higher versions. 
 
 Daily activity of export import of database object as when required, Write report query which generate report(Export data in csv) when client require.. 
 
 Migration of MySQL database servers to new server. 
 
 Migrating data from CSV files(ecommerce website catalog data) into different tables of database 
 
 Security hardening of MySQL server as per audit requirement. 
 
 Hand on experience on Writing complex store procedure, Trigger & Function. Giving out of the box solution based on requirement Such as Use Archive engine to store historical data, Use MySQL Event Scheduler to call SQL Script like Procedure, Trigger & Function on specific time. 
 
 Data migration using store procedure from one database to another database. 
 
 Work on Export Import of whole catalog of ecommerce Web site. 
 
 Hand on Experience use of Innodb, MyISAM, Memory & Archive Engine of MySQL. 
 
 Generate Report queries as per the business requirements. 
 
 Used AWS services as requirement to improve web application performance. Services like Amazon ElastiCache, Amazon RDS and Amazon S3. 
 Push and Pull SQL related development to repository as part of Scrum method of Agile software development. 
 
 Rebuilding / Monitoring the indexes at regular intervals for better performance. 
 
 Recovering the databases from backup in disasters. Implementing Point-In-Time Recovery solutions. 
 
 Involved in trouble shooting and fine-tuning of databases for its performance and concurrency. 
 
 Expert in implementing the snapshot isolation and DDL triggers. 
 
 Responsible for monitoring and making recommendations for performance improvement in hosted databases. This involved index creation, index removal, index modification, file group modifications, and adding scheduled jobs to re-index and update statistics in databases. && Web Site: http://www.cygnet-infotech.com/ 
Cygnet Infotech is a CMMI Level 3 IT services company having problem solving capabilities and walking the extra mile when needed. It deals with various software development and application development services. 
Designation: Database Administrator Duration: Aug-2014 - Jan-2016 
 
Roles & Responsibilities: 
 Administration and management of the entire development, QA and production environment. 
 Assisted with sizing, query optimization, buffer tuning, backup and recovery, installations, upgrades and security including other administration functions as part of profiling plan. 
 Developed stored procedures, triggers in MySQL for lowering traffic between servers & clients. 
 Proficiency in Unix/Linux shell commands. 
 Performed MySQL Replication setup and administration on Master-Slave and Master-Master. 
 Shell script is being used for some data migration and backend work management. 
 Handling Release management and user acceptance. 
 Write deployment shell script to deploy application code from one environment to other environment. 
 Perform business analysis, technical analysis, systems design, application software programming. 
 Prepared DFD's & Entity Relationship(ER) diagrams. 
 Restructuring the stored procedure , designing, coding and developing the same using the T_SQL Programming 
 Performed daily tasks including backup and restore by using SQL Server 2005 tools like SQL Server Management Studio, SQL Server Profiler, SQL Server Agent, and Database Engine Tuning Advisor. 
 Extensively worked on Data Partitioning and Snapshot Isolation in SQL Server 2005. 
 Prepared the project management and technical documentation. 
 Solving the Bugs Reflected by the Testing team. 
 Rebuilding the indexes at regular intervals for better performance. 
 Monitored and modified Performance using execution plans and Index tuning. 
 Rebuilding the indexes at regular intervals for better performance. 
 Extensively worked on DBCC commands and Dynamic Management Objects. 
 Involved in trouble shooting and fine-tuning of databases for its performance and concurrency. 
 Complete documentation about the database. Recovering the databases from backup in disasters. 
 To analyze long running slow queries and tune the same to optimize application and system performance. && Web Site: https://www.eclinicalworks.com/ 
eClinicalWorks is product base company which provide healthcare solution to US medical physician. 
Designation: Database Support Engineer Duration: Jan-2013 - Aug-2014 
Roles & Responsibilities: 
 Work beyond regular hours based on business demands. Provided 24x7 on-call production supports. 
 Involve in configure tomcat, performance monitoring and tuning of the database and tomcat. 
 Performance testing of the database servers and application servers. 
 Troubleshooting MySQL/SQL Server in production environments. 
 Performed query analysis for slow and problematic queries. 
 Database Administrator, Database Programming. 
 Implementation of SQL Logins, Roles and Authentication Modes as a part of Security Policies for various categories of users. 
 Rebuilding the indexes at regular intervals for better performance 
 Designed and implemented comprehensive Backup plan and disaster recovery strategies Implemented. 
 Involved in trouble shooting and fine-tuning of databases for its performance and concurrency. 
 Monitored and modified Performance using execution plans and Index tuning. 
 Rebuilding the indexes at regular intervals for better performance. 
 Deploying new code base release to UAT and Production Environments. 
 Perform SQL Server service pack and Windows Service pack upgrades. 
 Working with customers on Application rollouts and server migrations. 
 Extensively worked on Enterprise Manager for managing the database. 
 Troubleshoot performance problems and fine-tuning of databases. 
 Involved in Index Analysis and Performance Tuning. 
 Recovering the databases from backup in disasters. 
 To analyze long running slow queries and tune the same to optimize application and system performance. 
 
Common Tasks: 
 Installation & configuration: Effectively installed and configured MySQL on Linux Server. Expertise in installing database software and select it from various options in the product to configure it for the purpose it is being deployed. In case of new releases and patches, decided the appropriate ones and installed them. 
 Database designing: Involved in architecture designing of complex enterprise applications till completion in terms of Database. Worked with the engineering/development team to implement new design systems of databases and designed databases for referential integrity by designing logical plans. 
 Query Optimization: Expertise in database optimization with the help of explain plan. Analyzed long running/slow queries and tuned the same to optimize application and system performance. Can determine the most efficient way to execute a given query by considering the possible query plans. 
 Replication Setup: Can effectively configure MySQL Replication; enable a database to scale to large sizes while still being manageable and available. Performed MySQL Replication setup and administration on Master-Slave & Master-Master. 
 Backup & Restore: Developed, implemented, and periodically tested backup & recovery plans for the databases making sure that the backups are being done as scheduled and include all the files needed to make database recovery possible after a failure. Knowledge of how to recover and use the backups to return the database to operational status, as quickly as possible without losing any transactions that were committed in disasters. 
 Failover: Possess the knowledge of all strategies to recover from each failover. Planned redundant hardware and/or software components, so in case of a database failover, others will keep the total system available to its users. Well-versed with techniques like online backups, clustering, replication and standby databases to ensure higher availability. 
 Troubleshooting: When things do go wrong with the database server, can ensure how to quickly ascertain the problem and correct it without losing data or making the situation worse. 
 Report generation: Created, tested, and maintained reports for the Data Warehouse. Reports may be specific to a project while others summarize data across multiple projects or multiple clients. &&  4+ years of experience in Database Administration and development for very large and complex databases in MySQL 5x, SQL Server 2012, SQL Server 2008R2, 2008, 2005 and MongoDB. Presently working with Plumslice Lab Pvt Ltd as Database Administrator. 
 Experience in Database Administration, design, development, maintenance and production support of relational databases, new server setup, MySQL, SQL Server installation, upgradation and migration. 
 Experience in Replication set up, database optimization, performance tuning, developing stored procedures, Triggers, Cursors, Joins, Views and T-SQL 
 Strong MySQL & SQL Server skills along with significant general system administration skills on  Implemented the new SQL Server 2012 mechanisms like data compression, online indexing, Contained Databases, security principals and AAG. 
 Worked extensively on Clustering and server consolidation. Troubleshooting production issues and raising high availability. 
 Experience in Disaster Recovery Planning and Security Management operations. 
 Proficiency and expertise in MySQL & SQL Server Replication, Backup/Recovery, Disaster recovery and planning. 
 Worked on configuring MySQL Server with minimum privileged access. 
 Troubleshoot performance problems, fine-tuning of databases and index Analysis. 
 Experience in Batch processes, Import, Export, Backup, Database Monitoring tools and Application support. 
 Experience in supporting Very Large databases (VLDB) and troubleshooting the problems. 
 Strong experience in mentoring team members and writing documentation. 
 24 X 7 Production Database on Call Support. 
 
 Strong experience in Data modeling and different tools like MySQL Workbench, Heidi SQL, Sqlyog, Toad etc. Expertise in technical documentation such as project plans, development strategy, user manual, test and implementation strategy, complemented by sound understating of Project management. 
 Experience in identifying existing problems and vulnerabilities, and developing remediation and maintenance plans to keep databases running at an optimal capacity. Capable of providing anytime support by continuously monitoring critical systems with fast response times. 
 Possess the ability to interact and communicate well with various levels of clients and understand their unique business needs. Ensure a successful client communication via actively listening, probing questions and providing apt solutions. Experienced in strategic planning with a good sense of translating strategic visions of clients into workable action plans. 
 Using Amazon ElastiCache web service Improve improves the performance of web applications by allowing you to retrieve information from fast, managed, in-memory data stores, instead of relying entirely on slower disk-based databases. 
 Experience in Scrum method of Agile software development(Sprint). 
 Experience of Jira, SVN and Git",Database Administrator && Database Administrator && Database Support Engineer && Database Administrator,January 2016 to Present && August 2014 to January 2016 && January 2013 to August 2014 && 2005 to 2008,"MySQL (4 years), SQL Server (4 years), Shell Scripting (2 years), Linux (4 years), MongoDB (2 years)","Additional Information
Soft Skills 
 Logical and analytical thinking ability. 
 Good oral and written skills for communication with customers, fellow employees and superiors 
 Commitment to training and learning. 
 Willingness to take instruction and responsibility. 
 Ability to work independently and as a team member.","Ahmedabad, Gujarat",Saurashtra University,2009,Bachelor Of Computer Application in Computer Application,To work with a progressive organization to pursue a career as DBA which provides me with ample opportunities to implement and enhance my abilities.
45,"NWR - Hyderabad, Andhra Pradesh && DuPont & Chemorus && Estee Lauder Corporation && Uclid IT School Hyderabad - Hyderabad, Andhra Pradesh","Team Size 10 
Environment 
(With skill versions) 
 
Platform: Linux, Sun Solaries, AIX 
Database: Oracle 10g and 11g, 12c 
Software Tools & Utilities: SQL DEVELOPER, Data Pump, RMAN and Exp/Imp, Data pump (Expdp/impdp), dbv, Toad, Putty 
 
 Working in Productions & Non-Productions environment. 
 Installing Oracle 10g, 11g, 12c software & Database creation on UNIX & Windows platform. 
 Restoring & Recovering cluster Pre-Prod database from Production database backup. 
 Creating, administering and modifying 12c CDBs and PDBs. 
 Creating, Removing, Altering and Configuring Pluggable databases (PDBs) as per requirement. 
 Creating the local users and local roles in Pluggable databases. 
 Creating the Global users and Global roles in Root container databases. 
 Creating and Managing services associated with PDBs. 
 Granting the Local Privileges, roles to Local users in Pluggable databases. 
 Changing the parameters value for root container database as per requirement. 
 Enable the Auditing at Database, object and statement level. 
 Purging the AUD$ and FGA_LOG$ auditing tables periodically. 
 Creating the auto job for archiving and purging the auditing data. 
 Administrating and Maintaining the 10g, 11g cluster databases. 
 Monitoring & configuring database using cloud control OEM. 
 Adding Disk and managing ASM disk groups. 
 
 Installing, configuring and maintaining the 12c Golden Gate. 
 Preparing the Golden Gate environment as per requirement. 
 Configuring Manager Process, Extract (capture), Replicate (Delivery), Extract (pump) as per requirement. 
 Adding, Removing and modifying Oracle Golden Gate parameters. 
 Implementing the prerequisite for Initial Load using Direct method. 
 Configuring the extract & replicat for Initial Load using Direct method. 
 Implementing the prerequisite for Online synchronization in Unidirectional. 
 Configuring the extract (Capture), Replicat (Delivery) and Extract (pump) for Online synchronization in Unidirectional. 
 Implementing the prerequisite for DDL Replication. 
 Configuring the DDL Replication for Online synchronization in Unidirectional. 
 
Location: Hyderabad Gulasan Kumar Mishra && Team Size 7 
Environment 
(With skill versions) 
 
Platform: Linux, Sun Solaris 
Database: Oracle 9i, 10g and 11g, 12c 
Software Tools & Utilities: SQL DEVELOPER, Data Pump, RMAN and Exp/Imp, Data pump (Expdp/impdp), dbv, Toad, Putty 
 
 Working with more than 200 databases including Productions & Non-Productions. 
 Installing Oracle 10g, 11g & Database creation on UNIX platform. 
 Applying CPU patches on databases. 
 Migrating databases from existing Datacenter to New Datacenter. 
 Updating parameter values in parameter files. 
 Checking of Oracle alert logs and see whether there are any oracle errors requiring action. 
 Scheduling backup and statistics jobs. 
 Periodic trimming of Oracle system log files and removal of old redo log archives 
 Monitoring Oracle backup schedule and completion of backup activity. 
 Taking manual hot backup of Tablespaces and databases. 
 Performing Transportable Tablespace activity. 
 Monitoring and managing the mount point space usage, table space growth. 
 Database refresh with Hot /Cold Backup 
 Managing Tablespace and addition/ resize of data files. 
 Performing database refresh, Tablespace, Schema and refresh with data pump. 
 Creation and managing the user accounts, privileges and profiles 
 Generating and Observing AWR reports. 
 Implementation of DATAGAURD setup with Standby database; 
 Performing Redo log gap resolution in Standby Database. 
 Maintaining and troubleshooting large databases, during the business off hours and over the weekends. 
 Monitor the databases using cloud control Enterprise manager. 
 Pushing the agent to monitor the new created database. 
 Adding the newly created database for monitoring in Cloud control OEM. 
 
Project 3 ---- && Team Size 8 
Environment 
(With skill versions) 
 
Platform: Unix and AIX 
Database: Oracle 9i, 10g and 11g 
Software Tools: SQL DEVELOPER, Data Pump, RMAN and Exp/Imp, Data pump (Expdp/impdp), dbv 
 
 Installing Oracle 11g software and Database creation on Linux. 
 Checking of Oracle alert logs and see whether there are any oracle errors requiring action. 
 Periodic trimming of Oracle's related log files and removal of old redo log archives 
 Monitoring Oracle backup schedule and completion of backup activity. 
 Monitoring and managing the mount point space usage, table space growth. 
 Managing Tablespace and addition/ resize of data files. 
 Performing database refresh, Schema refresh in across database. 
 Creation and managing the user accounts, privileges and profiles 
 Implementation of DATAGAURD setup with Physical Standby database; 
 Performing Redo log gap resolution in Standby Database. 
 Taking incremental backup to maintain the SYNC resolution. 
 Recover the database using incremental backup. 
 Rebuilding the Index on the basis database object's demand. 
 
Project 2 ---- && for 6 months. 
 Working as Associate Professional Oracle DBA in CSC India PVT Ltd. Hyderabad since 6 Aug 2014 to till date. 
 
Technical Proficiency: 
 
OS Sun Solaris, AIX, Unix, Linux (RHEL4/5), Windows98/2007, 08 
Programming Languages SQL, Basic PL/SQL 
RDBMS Oracle 10g/11g/12c 
Package MS Office 2000 
Scripting Basic Perl scripting 
 
Training Attended: 
 
Module Institution Duration 
SQL DBA training CSC India Ltd 30 DAYS 
12c Database New features & Administration ORACLE Corporation 10 DAYS 
Golden Gate ORACLE Corporation 15 DAYS 
ORACLE EXADATA (CSC) ORACLE Corporation 15 DAYS 
 
Achievenents: 
 CSC India Pvt Ltd. Winner of Spot Award in February 2016 
 
Project Details: 
 
Project 1---",Database Administrator && Database Administrator && Database Administrator && ORACLE DBA Trainer,April 2016 to Present && June 2015 to March 2016 && August 2014 to May 2015 && February 2014 to August 2014,"Oracle RAC DBA 11g/12c, Oracle Golden Gate 12c (3 years)","Additional Information
Summary of Technical Skills: 
 
CLUSTERED (RAC 11gr2 & 12c) DATABASE perspective technical skills 
 
 Having 3+years of IT experience as an Oracle DBA. 
 Installation of Grid Infrastructure 11g and 12c software on Unix, Linux platforms. 
 Installation of Oracle 10g, 11g and 12c software on Unix, Linux and Windows platforms. 
 Creating, configuring and administering 10g and 11g database. 
 Creating, configuring and administering 12C Container & Pluggable database. 
 Database Creation by estimating and analyzing the future requirements. 
 Upgrading oracle non clustered databases from oracle 10g to 11g and 11g to 12c. 
 Ability to work on multiple technologies Like Unix, Linux and windows platform. 
 Database monitoring which includes basic health checks, growth of objects, and performance of the database. 
 Performing Backup, Restore and Recovery using RMAN. 
 Refreshing and cloning of databases using RMAN. 
 Implementing Disaster Recovery setup on Physical/Logical Standby Databases) 
 Maintaining broken SYNC between Primary & Standby database by applying incremental and archive log backup. 
 Refresh Database, Tablespace, Users, and Tables using Data pump / Original exp-imp. 
 Good working knowledge of SRVCTL and CRSCTL commands to maintain clustered databases. 
 Good knowledge of User management and Tablespace management 
 Developing various database backup & recovery strategies using Cold & Hot Backup. 
 Restoring & Recovering cluster Pre-Prod database from Production database backup. 
 Experience in troubleshooting and resolving database problems. 
 Database Reorganization, Flashback Technology. 
 Working and good conceptual knowledge on 11gr2 & 12c RAC. 
 Experience in handling tickets and scheduled change Requests and service requests using BMC Remedy tool. 
 Having knowledge of working with Oracle support service request. 
 
Oracle 12c GOLDEN GATE perspective skill 
 
 Very good understanding architecture of Oracle Golden Gate and its components (Extract (Change capture), Replicat (Delivery), Extract (Pump)) 
 Installing, configuring and preparing the environment for Golden Gate. 
 Configuring the Manager Process, Change Capture Extract, Replicat and Extract Pump. 
 Identify the prerequisites before initiating an initial load 
 Configuring the Initial Load in both method: (i) Direct method (Without file to replicat) (ii) With file to replicat method 
 Extract trail files and its distribution and cleanup. 
 Having good knowledge, where and how to use GLOBAL parameters and Process parameters. 
 Data selection and filtering using Where clause, Filter clause and various functions. 
 Configuring other important options like Extract file compression, message encryption and password encryption. 
 Identifying prerequisite for online synchronization in unidirectional and bidirectional. 
 Configuring the online synchronization in Unidirectional. 
 Configuring the online synchronization in Bidirectional. 
 Preventing the data looping and conflict for online synchronization in Bidirectional. 
 DDL replication requirement and limitation. 
 DDL replication scope, parameters and option. 
 Having good communication and interpersonal skills to interact well with colleagues in producing result-oriented methodologies.","Hyderabad, Andhra Pradesh",IGNOU && IGNOU,None && None,MCA && BCA,"Having 3+years of experience as an Oracle DBA, providing support on Test, Development and Production environments. A result oriented, self-motivated and well organized individual having abilities in administering and maintaining Databases along with motivating individuals and teams for success."
47,"Velocis Systems Pvt. Ltd. - Kolkata, West Bengal && Neelkanth Digital Infonet Pvt. Ltd - Kolkata, West Bengal && eCentric Solution Pvt. Ltd. - New Delhi, Delhi && Protex Computer Pvt. Ltd. - Kolkata, West Bengal && Linkcon Infotech / Linkcon llc - Kolkata, West Bengal","I am working here as Oracle Database Administrator Level - 3 on CBEC Project onsite at Customs Office on ICES 1.5 Module from 1st May'2013 to present. && I am working here as Senior Programmer on CBEC Project onsite at Customs Office on ICES 1.5 Module from 1st May'2013 to present, Kolkata, West Bengal, India. && Responsibilities 
I worked here as a DBA. && There I have worked as Software Engineer. && USA, Kolkata.",Database Administrator L3 && Senior Programmer cum DBA && Senior Programmer && Software Engineer && Jr.Software developer,September 2016 to Present && June 2014 to August 2016 && May 2013 to May 2014 && November 2010 to April 2013 && July 2009 to October 2010,"Oracle DBA(10g), SQL, PL/SQL, Forms, Reports (6 years)","Additional Information
AJOY SAMANTA  
BH-99, Krishnopur, Mazerpara, [...] India  
Contact: [...] Email: ajoy.samanta@gmail.com ,Skipe:ajoy.samanta2 
________________________________________ 
SOFTWARE ENGINEER  
Seeking challenging & rewarding opportunities across the industry 
________________________________________ 
PROFILE 
 A technically competent professional with 6.04 years of experience in the field of Developing, Supporting and implementing of Programming in Oracle Project Operations and Software Development, currently working as Sr. Programmer with Neelkanth Digital Infonet Pvt. Ltd., Chandigarh. 
 Equipped with the knowledge of various software, organizing technical demonstrations, with sound understanding and skill of creating new software & systems, designing, analysis, testing, database development and coding for modules while structuring customized solutions to meet customer's specific needs. 
 Knowledge of all phases of Software Development Life Cycle (SDLC) with good understanding of System Study, Client Interaction, Coordination, Development and Implementation of Application software. Adept at mapping client's requirements, analyzing and translating business requirements to technical requirements and architecture. 
 Exceptional analytical, troubleshooting organizational, communication, prioritization, and problem solving and leadership skills with ability to create and sustain high work tempo. Industrious, thrives on a challenge while working effectively with all levels of management and the people therein. 
 
Technical Expertise 
Operating Systems : SUSE Linux (Thin-Clink), Windows XP & UNIX AIX for IBM Server.  
Languages : Oracle RAC, High availability, RMAN, Datagaurd, Oracle Project Operations and Software Development. 
DBMS/RDBMS : Oracle 9i Database , Oracle10g Database and Oracle 11g Database 
 Tools : Forms & Reports Builder 6i&10g, SQL*PLUS, Toad, Oracle PL/SQL Developer, PROCEDURE BUILDER,  
ORACLE 10g REPORT BUILDER, ORACLE EXPESS EDITION, ORACLE ENTERPRISE MANAGER, DBCA, DBUA, RMAN, SQLLDR,  
IMPDP, EXPDP 
 Protocol : Oracle 8i Clint, WS-FTP Pro32, CRT 
 
Area of Expertise 
 Expertise in developing of Procedure, Function, Cursor, Package, Trigger etc. in PL/SQL and Exception Handling. 
 Understanding the project Life cycle. 
 Developing Various Types of Transaction Forms and Reports Using Forms & Reports Builder 6i&10g 
 Clearing heap-dump.txt and javacore.txt file of Using WS-FTP Pro32 
 Customization of existing Application forms & Reports made by forms & Reports Builder 6i&10g. 
 Testing the application by making test case and bug fixing the same. 
 Data load and unloading activities from Oracle table to Flat file and vice-versa. 
 Given Client Training regarding the application.  
 Handle task allocation, resource administration and task progress monitoring as per pre-defined schedules.  
 Report progress to the Higher Management and ensure system members finish allocated tasks on time.  
 Development, debugging and troubleshooting of the software.  
 Installation the Database from Oracle Universal Installer(OUI) 
 Creating New Database from Oracle Database configuration Assistance (DBCA) and new Tablespace and User into the Database. 
 Grant the privileges and Roles to the users. 
 Importing and exporting the .dmp file into the database. 
 Taking Backup and Recovery through RMAN. 
________________________________________ 
PROFESSIONAL EXPERIENCE 
NEELKANTH DIGITAL INFONET PVT LTD, Chandigarh Since June 2014 
ECENTRIC SOLUTION PVT LTD, NEW DELHI May 2013 - May 2014 
Senior Programmer cum DBA 
 Responsible for act as an architect for designing new infrastructure and looking after the complete life cycle of the projects; adhering to all compliance and auditing process. 
 Installing and upgrading the Oracle Server and application tools. 
 Allocating system storage and planning future storage requirements for the database System  
 Managing primary database structures (tablespaces) and primary objects (tables, views, indexes) 
 Identify areas of implementing new schemes to make the insurance process more effective and productive and performing required analysis for the concerned requirements. 
 Accountable for developing & implementing new policy schemes, new commission, new innovations and process efficiencies to improve the existing process. 
 Creating web services to generate data form different units at the front end and generating reports based on the filter used by the user.  
 Handling requirements gathering from the client and preparing the requirement specifications documents of the module assigned. 
 Creating detailed design documents and unit test case documents of the module assigned. 
 Carrying out the understanding & analyses of client requirement; designing Concept Document of requirement.  
 Managing construction & quality assurance, support & all client communication including unit testing and defect fixing 
 Taking Backup and Recovery through RMAN 
 Maintain Oracle RAC, High availability, RMAN, Datagaurd and Oracle Project Operations 
Projects handled 
Project Module Central board for Excise and Customs(Import and Export) ,New Delhi, India 
Customer National Informatic Center(NIC-CBEC) ,New Delhi, India 
Period May 2013 to Till date. 
Role Customization of reports and maintenance of an Existing System module called Database Administrator and testing anything in test database before doing it in live database 
Environment SQL, PL/SQL, ORACLE 11g, Forms & Reports Builder 10g, Suse Linux and Thin-Clint, VMWare6.0. 
PROTEX COMPUTER PRIVATE LTD, KOLKATA Nov 2010 - April 2013 
Software Engineer 
Projects handled 
Project Module Material Management System(MMS) ,Ranchi, Jharkhand 
Customer I. Central Coalfield Ltd(CCL) ,Ranchi, Jharkhand 
II. Mahanadi Coalfield Ltd (MCL), Sambalpur, Orissa 
Period November 2010 to April 2013 
Role New Development and Customization of reports and maintenance of an Existing System module called Coal Net Engineer as a System In charge and creating test database and testing anything in test database before doing it in live database 
Solution Environment  SQL,PL/SQL,ORACLE 9i, Forms & Reports Builder 6i, CORE JAVA, JSP 
Tools  Office2003, Office-7, [...] PL/SQL Developer 7.0.1, Toad 9.6.1., Reports & Forms Builder 6i, APACHE, TOMCAT 5.5 
. 
Protocols Oracle 8i Clint, WS-FTP Pro32. 
 
Project Module Diagnostic Module, Medical Record Module, Inventory Management Module in LekhiSoft Project 
Customer Debipur Netralaya Pvt. Ltd. (Kolkata) 
Period July 2009 To October 2010 
Role Development and Customization of Diagnostic, Medical Record & Inventory Management Module 
Solution Environment SQL,PL/SQL,ORACLE 8i Clint, Reports Builder 6i 
Tools SQL * Plus [...] Oracle SQL Developer V1.1.7,Toad 
 
LINKCON INFOTECH PRIVATE LTD, KOLKATA July 2009 - October 2010 
Junior Software Developer 
________________________________________ 
ACADEMIA 
MBA (IT SYSTEM) MAY'2015 
Sikkim Manipal University, Gangtok from AMBIT, Kolkata, (59.18%)  
B.TECH (CSE) 2009 
West Bengal University of Technology, Kolkata from Institute of Engineering & Management (IEM), (7.53 DGPA)  
Diploma in CST (Polytechnic) 2006  
West Bengal State Council of Technical Education, Kolkata from Bengal Institute of Technology, Katwa, (69.40%) 
Higher Secondary (12th) 2002 
West Bengal Council of Higher Secondary Education, Kolkata from Jangalpara BCKM High School, Hooghly, (46.30%) 
Madhyamik (10th) 2000 
West Bengal Board of Secondary Education (WBBSE), Kolkata from Gotan S.M. High School, Burdwan, (68.13%) 
Certifications 
 Oracle Database 10g Real Applications Clusters (RAC) Administrator 
 Oracle Certified Professional (OCP) in Oracle 10g  
 Oracle Certified Associate (OCA) in Oracle 10g 
 Oracle Database SQL Certified Expert 
 Pursuing RHCE (Linux 7) 
________________________________________ 
PERSONAL DETAILS 
Date of Birth: 14th July 1983 
Passport No: [...] [...] to [...] 
References: Available on request","Kolkata, West Bengal","Sikkim Manipal Univercity Gangtalk && Institute of Engineering & Management Kolkata, West Bengal && West Bengal State Council of Technical Education Kolkata, West Bengal && Jangalpara B.C.K.M High School && Gotan S.M High School",2013 to 2015 && 2006 to 2009 && 2006 to 2009 && 2002 && 2000,MBA in IT-SYSTEM && Bachelor of Engineering in Computer Science && Diploma in Computer Science & Engineering && None && None,I want Oracle Technology Job.
2,"Vernalis Systems Pvt Ltd - Chennai, Tamil Nadu && KG Financial Softwares Ltd - Coimbatore, Tamil Nadu","Working as Senior Database Administrator as well as Team leader of DBA Team. && Job Responsibilities:  
 Involved in Technical decisions for Business requirement, Interaction Client team, Development team, Capacity planning and upgrading of SQL Servers. 
 Created Logins, Users, groups, Roles, Jobs, Alerts, Mails confirmation upon tasks for Development environment. 
 Performed Database consistency checks with DBCC , Defrag, Index tuning  
 Involved in auditing and performing the transactions to database and resolve the issues with Performance Monitor and SQL Profiler and Used PerfMonfor Monitoring and Performing Network throughput issues. 
 Resolved issues for mission critical high usage of system CPU, Disk, Deadlocks and Transaction per/sec, Memory. 
 Involved in developing Stored Procedures, Triggers, and other PL/SQL& T-SQL scripts. 
 Performed regular Database Maintenance task, Checking the disk Defrag procedures in Development environment 
 Used Index Tuning Advisor for Database performance for proper indexes. 
 Involved in upgrading of existing Servers from SQL Server 2005 to SQL Server 2008/R2. 
 Involved in Performance Tuning of the SQL Server for Web based Production and Development environments 
 Involved in application development by individual as well as support to team for database administrative tools (Dataconsole, Data Archival & Data monitoring) developments. 
 Performed testing for concurrency, load tests for application performance by use utilities like LoadRunner. 
 Prepared documentations for benchmarking of application and database objects performances.  
 Technical lead to development team for End User Development Applications (VBA -Macros in MS Office packages) on client place.",Senior Database Administrator && Database Administrator(SQL Server),September 2014 to Present && April 2011 to July 2014,"SQL development support &performance analysis and fine tuning and all kinds of L3 Server Administration for MSSQL server, experience with working in all latest SQL Server Versions (2012, 2014 & 2016), Oracle and MySQL databases ASP.NET & VB application developments. (8 years)",None,"Chennai, Tamil Nadu","Sri Vasavi College Erode, Tamil Nadu && Sri Vasavi College, Erode,Bharathiyar University Coimbatore, Tamil Nadu Erode, Tamil Nadu",2005 to 2008 && 1995 to 1998,MCA in Computer Science && BSc in Physics,None
6,Sabre Travel Technologies && IBM INDIA PVT LTD && HCL Technologies && Free Lancer Ltd,"As a Sr. Database Administrator, I am Responsible for administration of all Oracle Databases at B&N. 
 Design and implemented Data Center migration for over 18 TB EDW databases. 
 Upgraded 10.2.0.4 Two Node RAC ASM Database to 11g R2 Two Node RAC ASM 
 Advanced Backup and Recovery using Oracle's RMAN software; used offline/online for recovery in a production environment via Korn shell scripting. 
 Mentor other DBAs in effective use of RMAN software, and my scripts. 
 Ongoing proactive database-level performance tuning, with a good working knowledge of Oracle internals. 
 Data center Migration using Data Guard. 
 Implemented High availability using Golden Gate Replication. Implanted Bi-directional replication using golden gate. 
 Implemented Stream, Golden Gates for Active-Active Replication between the Datacenter for High Availability. 
 Currently helping team to use existing infrastructure to achieve Maximum benefit to reduce cost and maximum performance. 
 Actively working with other teams for Server Consolidation & Database Consolidation. 
 Changes were made dynamically whenever possible to fulfill high-availability requirements. 
 Enforced need of regular data purging processes from production, design and development, to deployment. 
 Implemented and maintained Oracle 10g/11g Data Guard/standby databases for fail-over purposes. 
 Propagation from primary to standby via automated scripts, and sometimes uses standby databases to immediately restore primary database. 
 Experience with 'graceful' switchover and switchback between primary and standby databases. 
 Replicated to a disaster recovery site for increased server manageability and availability. 
 Participated in development of enterprise-wide security standard methodology, and ongoing deployment. 
 Installation of RAC and Managing RAC Environment efficiently 
 Proficient in RAC Performance Tuning. 
 Create and maintain materialized views. 
 Implementing and maintaining database security (create and maintain users, roles and assign privileges) 
 Database tuning, Application Tuning & performance monitoring. Fine tuning Initialization parameters, I/O, Memory and Operating System kernel parameters. 
 Managed appropriate use of freespace within tablespaces, reclaimed space whenever possible. Reorganized tables and indexes within databases when needed. 
 Monitored the production Oracle alert logs for database errors. 
 Monitored system resource availability and responded to system memory and data issues. 
 Expert with OEM Grid Control. && As a Lead Database Administrator, I am Responsible for administration of over 300 Oracle databases. 
 Leading the Team of 15 DBAs. 
 Design and implemented Data Center migration for over 13 TB EDW databases. 
 Advanced Backup and Recovery using Oracle's RMAN software; used offline/online for recovery in a production environment via Korn shell scripting. 
 Mentor other DBAs in effective use of RMAN software, and my scripts. 
 Ongoing proactive database-level performance tuning, with a good working knowledge of Oracle internals. 
 Migrate over 13 TB data using Data Guard Technology. 
 Supporting Data Warehouse Database i.e. over 13 TB in size. 
 Installation of Oracle & create clustered databases using AIX HACMP technology and Veritas Cluster on Solaris 9. 
 Currently helping client to use existing infrastructure to achieve Maximum benefit to reduce cost and maximum performance. 
 Actively working with client for Server Consolidation & Database Consolidation. 
 Changes were made dynamically whenever possible to fulfill high-availability requirements. 
 Enforced need of regular data purging processes from production, design and development, to deployment. 
 Implemented and maintained Oracle 10g Data Guard/standby databases for fail-over purposes. 
 Propagation from primary to standby via automated scripts, and sometimes uses standby databases to immediately restore primary database. 
 Experience with 'graceful' switchover and switchback between primary and standby databases. 
 Replicated to a disaster recovery site for increased server manageability and availability. 
 Participated in development of enterprise-wide security standard methodology, and ongoing deployment. 
 Installation of RAC and Managing RAC Environment efficiently 
 Proficient in RAC Performance Tuning. 
 Create and maintain materialized views. 
 Implementing and maintaining database security (create and maintain users, roles and assign privileges) 
 Database tuning, Application Tuning & performance monitoring. Fine tuning Initialization parameters, I/O, Memory and Operating System kernel parameters. 
 Managed appropriate use of freespace within tablespaces, reclaimed space whenever possible. Reorganized tables and indexes within databases when needed. 
 Monitored the production Oracle alert logs for database errors. 
 Monitored system resource availability and responded to system memory and data issues. 
 Expert with OEM Grid Control. && As a Sr. Database Administrator, I am Responsible for administration of 10 Oracle databases. 
 Working in 24x7 production environment and provided on-call and day-to-day support. 
 Providian is the 5th largest Financial Credit card firm in USA. 
 Sales Performance Analysis and Bench marking. Identify the bottleneck of Performance of the existing sales System; build using Oracle 8.1.6 as a database. The back office system for processing of credit cards. 
 Installation and implementation of the Oracle8.1.6 on Sun Solaris. 
 Advanced Backup and Recovery using Oracle's RMAN software; used offline/online for recovery in a production environment via Korn shell scripting. 
 Ongoing proactive database-level performance tuning, with a good working knowledge of Oracle internals. 
 Changes were made dynamically whenever possible to fulfill high-availability requirements. 
 Maintained standby databases, in both local and remote locations, for fail-over purposes. 
 Replicated to a disaster recovery site for increased server manageability and availability. 
 Implementing and maintaining database security (create and maintain users, roles and assign privileges) 
 Database tuning, Application Tuning & performance monitoring. Fine tuning Initialization parameters, I/O, Memory and Operating System kernel parameters. 
 Managed appropriate use of freespace within tablespaces, reclaimed space whenever possible. Reorganized tables and indexes within databases when needed. 
 Monitored the production Oracle alert logs for database errors. 
 Monitored system resource availability and responded to system memory and data issues. 
 Expert with OEM Diagnostics & Tuning Packs. && Client: Different clents shared support 
 Role & Responsibility: Database Administrator 
 Manage the database for over 40G size. 
 Implement the automated Hot Backup scripts for the Daily full backup created in Korn Shell. 
 Ongoing proactive database-level performance tuning, with a good working knowledge of Oracle internals. 
 Changes were made dynamically whenever possible to fulfill high-availability requirements. 
 Maintained standby databases, in both local and remote locations, for fail-over purposes. 
 Replicated to a disaster recovery site for increased server manageability and availability. 
 Implementing and maintaining database security (create and maintain users, roles and assign privileges) 
 Database tuning, Application Tuning & performance monitoring. Fine tuning Initialization parameters, I/O, Memory and Operating System kernel parameters. 
 Managed appropriate use of freespace within tablespaces, reclaimed space whenever possible. Reorganized tables and indexes within databases when needed. 
 Monitored the production Oracle alert logs for database errors and system resource availability and responded to system memory and data issues. 
 Expert with OEM Event and Job Managers, Change Manager, Diagnostics & Tuning Packs. 
 Tuning, with a good working knowledge of Oracle internals. 
 Changes were made dynamically whenever possible to fulfill high-availability requirements. 
 Maintained standby databases, in both local and remote locations, for fail-over purposes. 
 Replicated to a disaster recovery site for increased server manageability and availability. 
 Implementing and maintaining database security (create and maintain users, roles and assign privileges) 
 Database tuning, Application Tuning & performance monitoring. Fine tuning Initialization parameters, I/O, Memory and Operating",Sr. Database Administrator && Oracle DBA && Oracle DBA && Free Lancer Ltd,September 2015 to Present && November 2014 to September 2015 && February 2014 to August 2014 && March 2012 to January 2014,Oracle DBA (5 years),"Additional Information
SKILLS PROFILE: 
Hardware: SUN Sparc Series, HPUNIX, IBM Servers 
Operating System: UNIX (SUN Sparc Solaris, HP-UX 9.x, AIX, Windows 2008 
Tools / Utilities: Recovery Manager, Goldengate11g/12c, DBverify, Exp/Imp, expdp/impdp, Server Manager, TKPROF, and OEM 
Database: ORACLE 11g/10g on UNIX and NT 
 
Oracle RAC DBA Experience 
 Architecting, planning, designing, developing, deploying and supporting RAC/ASM environment 
 Installing & configuring Oracle clusterware & Database Software 
 Testing and benchmarked the application prior to going into production to determine its effects on GES and GCS with special focus on load testing for interconnect traffic. 
 Worked with customer for different RAC related issue 
 Troubleshoot performance issues for the RAC instances (GC events) 
 Backup and Recovery issues related (loss of OCR, Voting Disk and Oracle clusterware) & also issues with corruption of individual disk data blocks, loss of OS configuration files, loss of net configuration files. Also used the Merge backup for backing terabyte databases. Issues with block change tracking & also flash recovery area. 
 Resolved/Diagnose Node Eviction. 
 Upgrade of 10g R2 RAC to 11g R2 RAC 
 Add or Remove Node from RAC.","Bangalore, Karnataka",Meenakshi College of Engineering,2011,Master of Computer Applications in Computer Applications,"Have over 5 years of focused experience in IT industry in various fields like banking, insurance, financial, retail and manufacturing. Extensive experience in relational database design, analysis, modeling, development, administration, implementation, trouble shooting and quality management. Comprehensive experience as Oracle DBA; proficient in Oracle 10g/11g Software Installations, Migrations, Database Capacity Planning, Automated Backup Implementation, Tuning Oracle 11g/10g/ on UNIX and Windows NT platform. Involved with architect group in designing the logical and physical model of the databases. Thorough understanding of the Oracle data dictionary. Have good experience in UNIX administration, Shell scripting. Have impeccable communication and interpersonal skills and an exceptional team player. Managing the team of Oracle DBAs and actively coordinated with the end user community."
10,"WSI IT Solutions Pvt Ltd - Hyderabad, Andhra Pradesh",Worked as an Associate Administrator with WSI IT Solutions Pvt Ltd. from Jun 2012 to Apr 2014.,Oracle Database Administrator,May 2014 to Present,"Oracle,oracle APPS (4 years)","Additional Information
TECHNICAL SKILLS 
 
Oracle E-Business Suite: Oracle E-Business Suite 11i & R12 
Databases: Oracle 10g/11g 
Operating Systems: Solaris, RedHat Linux 4.0 
Oracle Tools: Toad, SQL*Loader 
Publisher Tools/utilities: Putty, VNC, OAM, OEM 
 
PROJECT PROFILE 
 
Project #1 
 
Client: ACO Corporation, New York USA 
Role: Oracle Applications DBA 
Environment: Oracle Applications 11i and R12 
Duration: May 2014 to October 2016. 
 
Description: 
ACO Corporation - a fully integrated manufacturing and supplier based company. ACO have so many customers through America and Europe. ACO producer of wood furniture parts to provide a reliable source of veneers, plywood products, and other wood components to the furniture and wood working industries. In a team of 6 members providing 24x7 productions supports for total 150 SQL servers, 80 are production servers and rest are development and QA servers. 
 
Responsibilities: 
 
 Performing daily Health checks. 
 Cloned the instances for the Patch and Development. 
 Cloned multi-node instances to single node. 
 Applying Patches on Cloning instances. 
 Applying Day to day Application maintenance patches. 
 Cloned the instances using manual cloning method when needed 
 Planning and Maintaining Database Backups and Prepared the Backup and Recovery Strategy. 
 Responsible to take offline/online and RMAN Backups and to recover when needed. 
 Monitoring Concurrent Manager Activities such as Submitting Concurrent requests and Administer Concurrent Managers. 
 Creation of user accounts and granting privileges to users. 
 Expertise in monitoring the activities through various tools such as OEM, OAM. 
 Interacted to with Whole team to Upgrade Applications from 11.5.10 to 12.0.1 to 12.1.1 
 Well versed in using AD Utilities like Ad patch, Adadmin, Ad relink, Adctrl, Adconfig For Oracle Applications. 
 Using FNDCPASS utility for changing schema passwords. 
 Resolved few apps issues by Compiling invalid objects, relinking the apps executables and applying Monitoring tablespace spaces, alert log and trace files based on the alerts received through email such as creating or modifying users, assigning Responsibilities to users and running Requests. 
Project #2 
Client: Sprint Telecom 
Role: Oracle DBA 
Environment: Red Hat Enteprise LINUX server with Oracle 10g 
Duration: Jun 2012 to Apr 2014 
Description: 
 Sprint Corporation is a United States based holding company that operates multiple wire line and wireless networks serving consumer and business in the United States, Puerto Rico and USA. Sprint Nextel, through its various subsidiaries, offers services under the Sprint, Virgin Mobile. Sprint is a tier 1 global Internet access service provider. 
Responsibilities: 
 OS and Oracle 11g Installation, Configuration. 
 Oracle Database designing, creation and configuration. 
 Based on documentation and discussions, designing the Database. 
 Creation of associated database objects including tables, indexes, views, etc. 
 Perform tablespace Management and User Management. 
 Creating & adding data files to table spaces. 
 Managing all Daily Database Maintenance Issues. 
 Creating database roles & assigning privileges to the roles. 
 Performing schema refreshes from prod to test. 
 Performing Datapump operations. 
 Applying RDBMS patches for bugs using OPatch utility. 
 Automated several processes like daily logical backup and physical backup. 
 Taking Backups using RMAN. 
 Monitoring the Database with Oracle Enterprise Manager (OEM) 
 Cleaning the udump, cdump, bdump directories of large core files, user dumps. 
 Working with Flashback Technology. 
 Resolving connectivity problems with Oracle database. 
 Setting up TNS connectivity between client workstation & Oracle Server.","Dubai, AE",Kakatiya University && Senior secondary && KVM Girls High School,None && None && None,B.Tech in CSE && None && None,"Seeking a position as an Oracle Administrator which offers key participation, team work task, for a challenging Technical Position in the Information Technology Industry, which will allow me to exercise and enhance my skills in Oracle Database Administration Field."
11,"RSystems International - Noida, Uttar Pradesh",Worked on Oracle as a Database Administrator for six weeks in Internship.,Database Administrator ( 2 months Internship ),June 2016 to July 2016,"C C++ C# SQL, C C++ C# SQL","Additional Information
TECHNICAL SKILLS 
 
Programming Languages: C, C++, SQL 
Web Technologies: HTML, XML 
Web Designing Technologies: HTML, CSS 
Operating Systems: Linux (Ubuntu), Windows 
Databases: MySQL, Oracle 11g 
 
COMMUNICATION SKILLS 
Hindi Native Proficiency 
English Professional Working Proficiency","Ghaziabad, Uttar Pradesh","Inderprastha Engineering College Ghaziabad, Uttar Pradesh",August 2013 to April 2017,Btech in Computer Science,"To pursue a rewarding career in challenging and healthy work environment, where 
I could learn and improve my skills and contribute to the progress of organization."
12,"IBM GLOBAL SERVICES PVT LTD - Hyderabad, Andhra Pradesh && Pitti Laminations Ltd - Hyderabad, Andhra Pradesh","Rel-Exp : 10+ years 
 
Summary:  
 
 Expertise in Oracle ERP Applications DBA and Oracle Core DBA 
 Coordination with ERP technical/Functional team (offshore & onsite ) 
 Experience in installing, configuring and administering Oracle Application 11i and R12 and Oracle Core Database instances on IBM Aix PSeries servers , Red hat Linux and Windows servers 
 Planning and designing databases, applications including designing local structures and forecasting further expansions (CAPACITY PLANNING). 
 Experience to Manage IT Infrastructure 
 ERP Project implementation Exposure included modules (AP,AR,GL,HRMS,FA,INV,PO,WIP,PA) 
 Good Functional Domain knowledge in Manufacturing sector 
 Worked as Apps DBA on diverse platforms on Oracle Databases included IBM AIX, Red Hat Linux and Windows  
 Experience on Hardware & Networking LAN/WAN 
 Experience Information system department activities like System/Server AMC, Client / Vendor meetings & follow-up's. 
 Proficient in scheduling jobs, patching and database administration through OEM. 
 Extensive APPS DBA experience in Implementation, Upgrade and Support Projects 
 Experience work in Single node and Multi node systems. 
 Attend the ERP team & client internal meetings on the project progress 
 Managed very large databases in 24/7 Production Environments. 
 Database Up gradation in Oracle Applications ( 9i to 10g , 10g to 11g) 
 Oracle Application & Database Cloning & Refreshing. 
 Configure the Oracle Alerts using OEM 
 B-Alert call trigger for Production P1 issues, and co-ordinate all the stakeholders 
 Configured Standby database using Data Guard 
 Configure the Daily Automatic database backup schedules using RMAN (Recovery Manager) 
 Knowledge in Real Application Cluster and ASM 
 Knowledge in Application Manager (AM8) job scheduled tool 
 Knowledge in WebLogic Application server admin 
 Knowledge in SOA suite admin 
 Knowledge in Oracle apps Ebiz 12.2.X new features. 
 Knowledge in VCP and OBIEE 
 Proficient in use of tools like SQL loader, Oracle Enterprise Manager, Developer/2000, Discoverer. 
 Extensive experience in Oracle Applications Releases(11i and R12i), Oracle Databases(7.x,8.x,8i.x,9i.x and 10g.x 11g.x), Database Design and configuration,  
 Good Knowledge of TKPROF and STATPACK/AWR required for application tuning. 
 Worked with Oracle Support through P1 SR(TAR) to resolve issues 
 System/Database administrations, Backup and Recovery, Performance Tuning, customization and load balancing. 
 Oracle Application DBA support, applying patches, mini-packs, family-packs and maintenance packs, RUP/CPU patches, cloning, upgrades, multi-tier installations, automatic routines DBA task, periodic refreshes. 
Troubleshoot problems with web server, web listener, forms server, concurrent Managers and database etc., 
 
Present Designation: 
 
 Presently working as Sr.Oracle Apps DBA Lead , Supporting Oracle Production and Development Apps&Database servers in IBM India Pvt Ltd, (An CMM Level 5 Software Company) Hyderabad, Since July'2011  
 
 Previous experience in the Pitti Laminations Ltd (Electrical Manufacturing ISO 2000 company), Hyderabad in different positions are DB Programmer, Core DBA, Sr. Apps DBA, Asst.Manager IT (DBA)  since July'2001 to July'2011. && Experience in the Pitti Laminations Ltd (Electrical Manufacturing ISO 2000 company), Hyderabad in different positions are DB Programmer, Core DBA, Sr. Apps DBA, Asst.Manager IT (DBA)  since July'2001 to July'2011. 
 
Project Title : ORACLE ERP SUPPORT.  
Organization : PITTI LAMINATIONS LIMITED - www.pittielectriclam.com 
Software : Oracle E Business Suite 11i. (11.5.10.2)  
Support Duration : July-2009 to July-2011 
Team size : 12 
Role : Asst.Manager - IT (DBA) 
 
Job Role in APPS DBA 11i & R12 :  
 
 Oracle 11i Apps installation on IBM Aix P Series server's, Red hat Linux servers & windows 2003 server. 
 Installation and Configuring of Oracle Apps Release 12.1.2 on Linux Server. 
 Procurement of hardware infrastructure ( IBM P-series servers / storage SAN boxes etc.,) 
 Involved the ERP go-live process.  
 Co-ordination with ERP technical/Functional team  
 Giving the Day to Day Apps DBA support for 11i & R12 instances. 
 Administered Oracle Applications on (Multi Node and Single node). 
 Applying patches ( RUP 7 , DBI 7.3, Financials G Family Packs ) 
 Cloning Oracle Apps 11i & database using RMAN Hot Backup. 
 Creating custom top. 
 Database Upgradation 9.2.0.6 to 10.2.0.4 in Oracle Apps 11i. 
 Database Upgradation 10.2.0.4 to 11.1.0.7 in Oracle Apps 11i. 
 Changing apps password using FNDCPASS 
 Compiling forms and Apps schema  
 Re-linking executable for AD module and also for rest of the products using adding utility 
 Purge the workflow obsolete data, Monitoring log files. 
 Concurrent Manager Administration and troubleshooting 
 Workflow Notification Mailer configuration. 
 Resolving database and application issues with help of Oracle Support. 
 Applying India localization patches as per the customer requirement. 
 Performed Oracle Apps & DB patching 
 Excellent remote systems support and trouble shooting capabilities. 
 Extensive uses of ad utilities like adpatch, adctrl, adrelink, adadmin, adident, autoconfig for  
 Maintenance of Oracle application. 
 
Role in 10g/11g DBA - CORE DBA  
 
 Independent Administration of Oracle Production Database Server. 
 Monitoring Oracle Database Server to ensure database availability and smooth functioning  
 Checking Database/Listener status. 
 Monitoring, Maintenance, Trouble Shooting of Oracle Database server. 
 Checking Oracle alert logs to see if there are any oracle errors. 
 Monitoring Oracle load, User sessions and Long running operations on the oracle server 
 Monitoring Oracle backup schedule and completion of backup activity 
 Checking of backup logs of previous day 
 Monitoring archived log generation, archived log disk partition. 
 Creating, Maintaining, Dropping Table spaces 
 Creating Users and User Grants of necessary Roles/Privileges 
 Uploading of flat files into oracle tables through SQL Loader 
 Temporary allocation / de-allocation of table space to users  
 Knowledge in Oracle RAC With ASM Disk groups 
 Configuring Data guard with Physical Standby database.  
 Backup & Recovery using RMAN. 
 Using Export/Import/expdp/impdp for refreshes. 
 Configured RMAN with Flash backup area. 
 Cloning prod database to dev/test instances. 
 Startup/Shutdown Oracle Database Server when needed. 
 Performance tuning, stats pack, generate automatic work load reports and analyze. 
 Co-ordinate with users & ERP technical team to provide quick solutions 
 Configure the ssh in IBM Aix 
 Writing Shell scripts and Scheduling using Crontab. 
 Maintaining the Oracle database on windows 2003 server Operating system 
 Resolving database and application issues with effectively 
 
Project Description: 
 
The main objective of this project is to provide information that is ONLINE, RELIABLE and UPDATED for the decision-making. This can be achieved through the computerization of all Departments, inter-departmental communication, This company having Head office and 2 Plants located around Hyderabad , ERP Implementation is very useful for online data availability and communication between the 2 plant and head office. 
We implemented Inventory, BOM (Bill of Material), WIP (work in progress) , Purchasing , Order Management , Accounts Payable , Accounts Receivable , General Ledger, HRMS (Fluous Software). 
 
Company description: Hyderabad based 
Pitti Laminations Ltd to manufacture electrical laminations up to a diameter of 1300 mm (51) for application in Industrial motors, DC Machines, Alternators, Traction Motors, Pumps, Train lighting generators, Aeronautics, Medical diagnostics equipments, Windmill generators, Laminations for specialized applications, Die-Cast Rotors, Assembled Stators and Built-up Rotors duly balanced. Company produce small laminations via High Speed Press for compressors.",Database Administrator && Assistant Manager IT,July 2011 to Present && July 2001 to July 2011,Oracle Application DBA (10+ years),"Additional Information
Mentor the team, Project planning, Server capacity planning, 
Production Go live support, Monthly Release support. 
Handle the client meetings, Deliver the objects in time, work commitments, Take the ownership the work... 
 
Knowledge in Oracle Core DBA,Oracle Apps DBA, Weblogic,SOA admin, 
 
Knowledge in Networking and Hardware , EDP department MIS reports, EDP department day to day activities like Maintenance existing setup hardware / networking / Instances/AMC contracts / Firewall contracts/ Antivirus ../ Procurements of the servers ..getting the best price quotation's from different vendors and analyze the quotes.. / New software implementing and giving the trainings......  
 
Good Domain knowledge in Manufacturing company...","Hyderabad, Andhra Pradesh","IGNOU Hyderabad, Andhra Pradesh && Osmaniya university Hyderabad, Andhra Pradesh && Osmaniya university Hyderabad, Andhra Pradesh && kakatiya Kottagudem, Andhra Pradesh",June 2004 to October 2007 && November 2000 to February 2001 && February 1998 to October 2000 && June 1994 to September 1997,MCA in computers && PG diploma computers in computers && M.com in Finance && Bcom in commerce,None
14,"Tata Consultancy Services (TCS) - Kolkata, West Bengal","Position Database Administrator. 
Roles and 1. I have been working as a DBA for 6 months and have an understanding of 
Responsibilities PL/SQL commands/packages/procedures for identifying database and data 
related issues. Understanding PL/SQL codes for finding Root Cause Analysis for any issues and performances. 
 
2. Around 2 years of experience in OBIEE Administration activities that includes 
looking after the business critical reporting for all the BT Global Services 
customers. Modification of reports, filters, dashboards and Ibots as per the customer requirement. 
 
3.Interacting with business and customers directly regarding solving various 
OBIEE, data/Ibots/dashboard issues and preparing daily, weekly reports and process performance monitors / Reports consolidated lists. 
 
4. Have close to 2.5 years experience in ETL Monitoring via Informatica, DAC and have resolved issues and runtime performances in the same. Also had a 3-day in 
life training on the various utilities of Informatica and have experience in deploying mappings/workflows. 
 
5. Experience in UNIX/LINUX Shell Scripting for setting traps/automations to cater to system monitoring and health checks. 
 
6. Control-M Batch Monitoring experience of ~ 8000 jobs in a single day suite, 
resolving failures and maintaining a very high percentage of SLA delivery 
timelines. 
 
7. Resolving Incidents that require good knowledge of the business logic and understanding the e2e data flow and good knowledge in process related activities like Incident Management, Change Management, Problem management, etc 
 
8. Providing transitions to junior and peer associates to gain e2e application 
related knowledge and other technical skills. 
 
9. For handling business critical application issues single-handedly in my team in absence of manpower and critical time period. 
 
Project Type Production Support & Maintenance. 
Project Location TCS Kolkata",Database Administrator,May 2014 to Present,"Unix Administration (3 years), Oracle (2 years), OBIEE (2 years), HPSM (3 years), Informatica (2 years)","Additional Information
 Area of Expertise: PL/SQL, Unix/Linux 
 Platform: Windows, Sun Solaris 
 Programming Language: PL/SQL 
 Databases: RDBMS Oracle 10g/11g 
 Tools: Informatica 7.1.2, SQL Developer, TOAD, Control M, HPSM","Kolkata, West Bengal",SOA University,None,Bachelor Of Technology in ITER,None
