CandidateID,Company,Job-Description,Job Title,Job-Duration,Skills,Additional-Info,Location,Institute,School-Duration,Qualification,Resume-Summary
6,"Project & Quality - Gurgaon, Haryana && C&S Electric Ltd - Noida, Uttar Pradesh && Spaceage Switchgears Limited && Taneja Auto Private Limited","The Company: - With more than 5500 employees &9 Global Manufacturing Plants, Schneider Electric, The global specialist inenergy management, making energy safe, reliable, efficient and productive for Residential, Commercial & Industrial Buildings as well as for Industrial Process. 
Professional Experience:- 
 Root Cause Analysis (RCA) of various processes setback/ failures with CAPA. 
 Quality Audit to ensure enforces of International standards & To create world class quality standards and improve customer satisfaction 
 Consistent data recording and assessment and documentation integrity. 
 Project Review & Supporting global practices in manufacturing automation solution. 
 Periodic reviews of process flow in areas of Procurement, Commercial, Project Management & Site Management. 
 NPS survey, ISO Audit && Duration: From Sep '06 to Aug '08 
 
TheCompany:-M/S C & S Electric Ltdhaving a global presentation and ISO 9001:2000 -Industrial Group is a leading Engineering - Manufacturers of LV Switchgear Panels, ACB's, MCCB's, Switch Fuse Disconnector, HRC Fuse, Current Transformer, MCB&HT/LT Bus ducts, Power Plant Panelsetc 
 
Professional Experience: 
 RCA on customer complaints products and further implementation of CAPA. 
 Internal Audit of various Deptt. 
 Communicate technical concepts to Assembler using layman's terms to facilitate understanding. 
 Required modifications/ changes in Drwgs of componentswith heads of relevant product to steer clear of failures of Product 
 Routine inspection of products for norms of Quality Assurance. 
 Analytical research of product e.g ACB, MCCB, .through LCM 
 Testing of Product In - house as well as from External Lab as per International Standard. 
 
Project completed: -Increased the endurance life of ACB by 11.4% (Avg) of mechanical operations & 6.8% of electrical operation in D- Series. 
 
ACHIEVEMENT: 
 Customer complaint level reduced to 4947 ppm from 6783 that of in 2005~06. 
 0.8% cost saving in existing product (ACB) with respect to 2005~06. 
 First time completed ""customer satisfaction survey"" with the help of Marketing Team. 
 Remarkable progress inFTPR (First Time Pass Ratio) 
 
Worked with && The Company: 
One of the manufacturers of LV Switchgear such as Air circuit Breaker, MCCB, Lighting Fixtures & Procurement-Construction (EPC) Contractor .etc 
 
Job responsibilities: 
 Control, Motivation & Effective use of Manpower in Final & Process inspection. 
 Wastage Controls & Analysis. 
 Team Leader of Productivity Improvement Action Committee. 
 To manage and motivate a team on flour to furnish a proper quality by visual inspection 
 To ensure the quality of inward component as per provided drawings & IS. 
 To evaluate Vendors regarding quality and to assist them for better improvement. 
 Finally responsible for outward product which goes through various calibration & test benches e.g. overload, thermal, magnetic, milli-volt drop, H.V. Test etc. 
 
Worked with && The Company: TAPL is a firm based in Gurgoan which makes major components for HERO HONDA in technical collaboration with TVS-Lucas group. 
 
Job responsibilities: 
 
 To evolve manage and consolidate content delivery to and from clients. 
 Responsible to assist technology related issues and initiatives. 
 Responsible for customer complain & countermeasure 
 To keep eye on under process inspection for maintaining DOL system. 
 Responsible for Internal audit as a colleague of Manager (QA) and In-house calibration",Manager - Project & Quality && Sr. Engineer -R&D (L.C.M.) && Sr.Engineer (Quality) && Engineer - Quality,September 2008 to August 2010 && September 2006 to August 2008 && December 2003 to August 2006 && April 1999 to November 2003,"SAP, MS Office, Project Management (10+ years)",None,"Shalimar Bagh, Delhi","Govt Polytechnic Delhi, Delhi",May 1995 to March 1999,Diploma in Electrical Engineering," As an astute professional with over 16 years of extensive experience demonstrated ability to lead diverse teams of professional to new level of success in highly competitive field of switchgear. 
 Impressive record of hand-on & leadership experience in Manufacturing, Strategic planning & operations, Product & Project Management, Quality, After Sales Service, New Product launching & Price based negotiation for import materials. 
 
 Key strength: 
 
 P&L, Inventory control and maintaing profit/ margins. 
 Adequate knowledge of business and management principles (budgeting, strategic planning, resource allocation, human resources) 
 Familiarity with industry standard equipment and technical expertise 
 Driving Operational Excellence. 
 Identifying, Analysing and Reviewing the market response/ requirements 
 Proficiency to handle the customers of various profiles. 
 Ensuring customer satisfaction by achieving delivery & service quality. 
 Customer Services/ Care/ Support and After sales services 
 Strong Analytical Skills & Process Oriented 
 Life Cycle Management of products. 
 Cost Effective Production Schedule"
16,Confidential - Bopal,"I'm diploma mechanica engineer andCertified lead Auditor(ISO 9001), Certified IQA for TS 16949 with 9yrs. Experience in the different field like Quality Control,Quality Assurance, Quality management system . 
 
As certified lead auditor I can maintain and also can implement the quality standard whatever the organization or their customers prefer. 
Able to plan and perform IQA, thirdparty Audit, Employee onjob training, training for Quality & customer standards, PPAP, PFMEA, 
 
As Asst. Mgr.Q.C. 
I am able to resolve the customer complaints with CAPA.  
Can design cost and time effective PFD, CP, PP, 
Can perform Process audits, Product Audit 
Analyse Department wise performance data. 
Successfully completed CIP in different area like Quality Control Dept. Production Dept, Maintrnanace, HR, Purchase.","Manager Quality Control,Quality Assurance",2011 to Present,"QA. QC, QMS","Additional Information
 Worked as Management Representative( ISO/TS 16949) and ISO 9000 , responsible to Implement and Maintain function of Quality Management System in group of industries( Corporate QMS activity ). 
 
Also work experience of Asst. Mgr.Q.C and QA 
* Manage Quality in process. 
* Quality Assurance activity as per ISO TS 16949 . 
* Looking after continual improvement projects in Quality Control, Production, Maintenance 
* Analyze and Manage (control) company level data. 
* Conduct Internal Quality Audits, Process Audit, and Product Audit. 
* Attending of Customer Complaints.",Bopal,"TEB Gujarat. Amreli, Gujarat",None,Diploma in Mechanical Engineering,None
17,"C-Exmart pvt ltd - Noida, Uttar Pradesh && BGM TELECOMMUNICATIONS PVT.LTD && BGM HOLDING COMPANY && BGM HOLDING COMPANY","Quality control & Assurance,internal audit && RESPONSIBILITIES: 
 To plan and do the regular Internal Process Audit as per the Control Plans & take appropriate action. 
 New project handling and their documents preparation. 
 Control Plan preparation as per the Operation Standards. 
 Preparation of Master Sample and Limit Sample for Mass Production. 
 To do ""Process Capability Study"" for significant Characteristics of the Product and to take appropriate Action. 
 Handling the Customer Complaints and take effective Countermeasures by using 7 QC Tools. 
 Supplier process audit for process improvements related activities. 
 Modify all concerned documents after taken counter measure. 
 Regular monitoring of Poke-Yoke implemented on assay lines. 
 Responsible for product lay out inspection as per Plan vs. Actual. 
 In house Training for 5'S, Kaizen Techniques and educate the Associates about these activities. 
 Accountable for analyzing the materials requirement in terms of quality & quantity for the various units of the company; procured goods in right quantity, maintained minimum stock level with right margin from the vendors & suppliers while forming the rates contract. 
 Responsible for suggestion and kaizen activities, removing useless work, maintaining discipline according to safety rules and also development of operator through multi skill. 
 Vendors Validation Process to arrange & manage Right vendor for Organization. && RESPONSIBILITIES: 
 Responsible for Data Collection related to process and the customer rejection, analyze it, & how to minimize the process and customer rejection. 
 Give training to new operators. 
 Responsible for calibration & validation & maintain of record. 
 Coordination with production department to solve problem and improve quality of product. 
 Maintaining QA Documentation Like in process Inspection sheet, control plan, process flow diagram, work instruction etc. 
 Controlling of Wave Soldering Machine for its Parameter & Specifications. 
 Actively involved & responsible to maintain 5S activities and provide training to operators related to process. 
 Maintain internal process. 
 
 Involved in FM, Remote, Electric Meter, Hometheatre, Car Panel, SMT production, assembly & testing unit. 
 Conducting ESD audit on shop floor daily basis. 
 Handle all quality activities of finished products of customer INTEX, BEL, ELSEWEDY. 
 Involved in IQC of component used in SMT unit. 
 Controlling report of repairing cards and keep track of all those cards so as to repaire very soon and can dispatch to customer. && None",Quality Manager && QUALITY MANAGER && QUALITY MANAGER && QUALITY ENGINEER,October 2016 to Present && June 2015 to Present && June 2012 to May 2015 && June 2011 to May 2012,"QA/QC, Product Validation Management (5 years)","Additional Information
PROFESSIONAL SKILLS: 
 Have Expertise to operate Universal Radio Communication Tester/RF Machine (Agilent and Rohde & Schwarz CMU200) 
 Have Expertise to operate & Maintain Robotic Screw Machine/Driver. 
 Knowledge of Soldering Iron Calibration. 
 Knowledge of MS office tools namely, MS- EXCEL, POWER POINT, MS- WORD","Sitamarhi, Bihar","Polytechnic in Electronic & Communication Engineering && B.I.E.C. Patna, Bihar",2011 && 2006,None && None,"To pursue a highly rewarding career, seeking for a job in challenging and healthy work environment where I can utilize my skills and knowledge efficiently for organizational growth."
31,"Sun Life Financial - Wellesley, MA && Sun Life Financial - Wellesley, MA && American Safety Insurance - Atlanta, GA && The Hanover Insurance Group - Worcester, MA && Prudential Financial - Roseland, NJ && Virinchi Technologies - Hyderabad, Andhra Pradesh && IRS","Delaware Conversion Hunter Project: 
The project was to deactivate all the identified/impacted systems as part of the sold-out business to Delaware Life Holdings to no longer be administered by Sun Life. This project was divided into two major phases i.e. Phase 1 US Individual VUL business and Phase 2 US Annuities business. 
Responsibilities: 
 Created Impact Analysis documents for all Individual Life and Annuities systems as part of Delaware Deactivation project 
 Built Data requirements document and Data Load Specification documents for adding new fields for New Underwriting application 
 Worked with International Life and Wealth business to add new data to MS Access database and feed down the data into Consolidated Sales database 
 Designed GAP analysis documents for comparing New Individual Life Underwriting data model to existing physical model 
 Designed detailed implementation plans for release for Change tickets, tasks list, systems impacted and contact info 
Data Quality/ Data Domain/ Other MISC Items: 
 Involved in analyzing/providing solutions to various data quality issues by performing Data reconciliation 
 Appointed as 'Data Domain Owner' for ""International Individual Life & Annuities Business"", for which I created Data Domain roadmap in Visio to visualize all the work based on timeline/System of Record/Repositories/ Current & Future state 
 Performed manual Dental policies review from QPS (Quoting & Policy Systems) SQL database by creating an automated SQL to identify the policies that should be issued which are in work in progress for more than 300 days 
 Closely work with AML (Anti-Money Laundering) /Compliance team to ensure daily data load is successful for all the systems that are obliged to report 
 Involved in writing report/Dashboard requirements for SLNY Conversion project using LogiXML tool for charts, graphs and ad-hoc reports 
 Involved in writing Data Requirements/ Data Load functional specs for any updates to databases including but not limited to validations, data model changes and data load rules 
 Experienced with identifying Entities and Relationships and how they fit together in data logical model and translated into physical model using CA ErWIN tool && FATCA Phase 1/Phase 2 (Life & Annuities): && Underwriting Toolbox (UTB): 
The project was to create a new system for Underwriters known as ""Underwriting Toolbox"" in Property, Casualty and Environmental business. This project will be an improvement in various system functionalities and ease of use for Underwriters in comparison to legacy system ""Genius"". 
Responsibilities 
 Based on the business requirements for Property, Casualty and Environmental created screen mock-ups/ Wireframes using Axure Pro 6.5 
 Assisted in analyzing the various data feeds from different sources which will be passed downstream to ""Underwriting Toolbox"" 
 Liaised with business and functional owner during risk engineering and high level review sessions to derive and execute action plans, meeting deadlines and standards by following Agile Scrum methodology 
 Created user stories for various business Underwriting Toolbox scenarios to meet the acceptance criteria with each module product owners and SME's 
 Guided the development teams to break down large and complex user story into simplified version for execution 
 Co-ordinated sprints from iteration planning thru daily scrum meetings, iteration reviews and retrospective sessions 
 Understanding of ""Guidewire"" system to gather claims and billing information and ""SimpleInsure"" legacy system for Property. 
 Assisted ASI's Data services team with ACORD standards in terms of business glossary and Data model. 
 Understanding of ACORD XML business messages for Property & Casualty and Surety. 
 Worked with Solution Architecture to translate business requirements into complete business solution design by identifying new dimensions and staging tables to load data into UTB Netezza database 
 Analyzed data and results with query tools (e.g. SQL navigator, Aginity, Informatica) to support UTB requirements 
 Strong understanding of ""Underwriting Toolbox"" for Quote, Submission and Issuance process by selecting various coverage/policy details. && Bonds Underwriting System: 
The Project was to build a new Bonds Underwriting System specific for the Surety Bonds Business. This new system will provide Underwriters an enhanced system to make more precise decisions. The new system will help users by decreased data entry, easier navigation to various sections and generating reports from database. The various sections in Bonds Underwriting system were taken in reference to an existing system i.e. BONDirect system. BONDirect system is currently being used for bonds processing and maintaining accounts. The main intent to create a new system is to maintain all accounts separately in the new system. 
Responsibilities: 
 Created user/functional requirements documenting business requirement document (BRD) for Bonds Underwriting system 
 Documented non-functional requirements for the new system based on navigation, response times, number of users etc. 
 Developed mock-ups for the new screens 
 Created Field Level Specifications (FLS) and functional specification document (FSD) i.e. documenting business names, definitions, format etc. 
 Performed Data Governance on all the data elements for business names and definitions 
 Wrote business rules for all the data elements 
 
E-Marketing Ecosystem Automation: 
The Project was to build an integrated system i.e. central repository to maintain all the agent contact information in one place for more effective marketing campaigns building better relationships with Producers and CSRs (Commercial Sales Representative) . The main intent of this project is to have effective communication between various agencies and their contacts by sending the e-mails, e-newsletters and webinars. 
 Created user/functional requirements documenting business requirement document (BRD) for Marketing Automation. 
 Identified various data elements which will be included in Agent Profile Data 
 Documented non-functional requirements for the integrated system from where data will be passed to downstream systems i.e. Eloqua, Salesforce and Distribion. 
 Identified the data elements which will be pushed to Eloqua, Salesforce and Distribion systems from staging. 
 Created the ""Data Value Mapping"" document for mapping staging, source to target systems (Eloqua, Distribion and Salesforce) 
 Created a new mock-up screen using SnagIt tool for the ""Interview-screen"" which will drive agents to enter data and verify all the information. 
 Categorized the data elements at two levels: Agency level and Contact level data 
 Designed ""Screen documentation"" for the interview screen && The Project was to add some of the Rating fields to their existing source system and also enhancing some of the existing data elements in their source system for Small Business Reporting purposes used by Underwriting, Actuarial and Sales. These rating fields are used by Underwriting, Actuarial and Sales organizations within Prudential to calculate or change rates and also to manage risk. 
Responsibilities: 
 Analyzed the different data feeds which passes on to the GIDW (Group Insurance Data Warehouse) 
 The Group Insurance Data Warehouse (LTD, STD, DENTAL, BASIC LIFE) receives feeds from multiple source systems; therefore brain-storming was done to see the impacts on different source systems. All the insurance products were based on the market segmentation which is divided into: Small Market and Mid-large market. 
 Involved in analyzing the scope document provided by the source system i.e. SPARC (Sales, Prospecting and request for Case Installation) . SPARC is the source system which feeds the data warehouse via GIS (Group Integration Server) and it is based for three important modules in case of any insurance product for a particular client: Request for Proposal, Request for case Installation and Post Installation Activity. 
 Conducted meetings and gathered requirements from business users i.e. Underwriting, Actuarial and Sales 
 Worked closely with SME to analyze more on the needs of business users, which is to add some of the premium as well as rates data elements for better reporting and managing risk. 
 Identified what data elements will be at product level versus plan level 
 Created business requirement document for the feeds going into Group Insurance Data Warehouse 
 Performed analysis on transactional database and data validation using TOAD (DB2) for getting historical data for some of the elements 
 Exceptionsor Severity codes were defined for the new data elements 
 Requirements was divided into two sections: Data feed section (source system sending data to data warehouse) and Data Mart section (various data elements will placed under different universes) 
 Designed the separate universe using SAP Business Objects XIfor data mart 
 Defined the new universe which was created by identifying dimensions and measures 
 Identified the roll-up or aggregation rules, granularity or hierarchy rules in data mart for all the data elements 
 Well versed with Serena Team Track or PVCS Tracker to resolve and maintain all the testing issues 
 Performed UAT testing to ensure that the requirements provided by Underwriting, Actuarial and Sales have been met && The project was to develop Electronic application that gives access across distributed content stored in multiple different locations with a single unified workflow. The Claims Processing System lets policyholder submit notice of loss. It lets policyholder fill in claims application where in it can add pictures, motor vehicle information. The Claim Handler can access this system and can also get access to Policyholders credit reports, Police and field adjuster reports and reports on medical conditions. 
Responsibilities: 
 Gathered Business Requirements, Interacted with the Users, Designers and Developers, Project Manager and SMEs to get a better understanding of the Business Processes 
 Conducted JAD Sessions periodically with various stakeholders at various phases of the Software Development Life Cycle (SDLC) to discuss open issues and resolve them 
 Organized requirements into high level use cases and low level Use Cases Specifications and modeled them into UC, Activity and Sequence Diagrams using MS Visio 
 Used the Unified Change Management (UCM) tool, Rational Clear Quest, to maintain and track the Stakeholders requested enhancements and changes && is designed to prevent U.S. persons and entities from evading tax by investing directly and indirectly (through foreign entities) offshore. This project will bring US business (Withholding agent) and Foreign (non-US) financial institutions on to new procedures to obtain documentation and begin withholding on certain accounts with regard to US source income effective Jan 1, 2014. 
Responsibilities 
 Collaborated with development and testing teams and created the technical specification for Individual Life database (MS SQL Server) updates 
 Conducted walk-through with stakeholders, development and QA for review and sign-off 
 Created ETL data mapping documents for new FATCA fields and changes to existing fields for extraction of data from source i.e. SOLAR and VA mainframe (DB2 tables) via Informatica process 
 Created extract specification document for Informatica with all the transformation rules, source, target information and Service level agreement details 
 Created data requirements for new IRS regulated FATCA fields that were added at client level 
 Designed compliance requirements for two major components i.e. Anti-Money Laundering (AML) extracts and Variable Annuities Hedging extracts. 
 
VA Admin Replacement Project: 
The project was to replace the current Bermuda Annuities policy administration mainframe platform to a third party vendor web-based application called Kane IMS. This project is divided into two major phases i.e. Phase 1 Introduction of 3 new products on Kane platform and Phase 2 Conversion of all Inforce data on to new platform. 
Responsibilities: 
 Assisting other group of analysts in researching the existing processes for all the impacted Bermuda Annuities systems 
 Identified the reports impacted due to this new admin system and verified the active reports with business 
 Provided existing extract documents, mapping documents, data flow diagrams etc. to new admin system requirements gathering team for their documentation 
 Involved in performing impact analysis for two major components i.e. AML extracts and VA Hedging extracts 
 Performed end to end testing of extracts received from Kane to delivering on to ALM and Compliance business",Lead Business Systems Analyst/Data Quality Analyst && Lead Business Systems Analyst && Business Analyst && Business Analyst && Business Analyst && Jr. Business Analyst && Withholding agent,October 2014 to Present && September 2012 to October 2014 && June 2012 to September 2012 && January 2012 to May 2012 && June 2011 to December 2011 && June 2007 to June 2011 && January 2014,"Operating Systems HP-UX, Linux, Windows XP/2003/2007, Novell(Micro Focus) Netware, MS-DOS, Sun Solaris, IBM Mainframe z/OS Reporting SAP Business Objects Enterprise and Infoview, IBM Cognos, SSRS ETL Tools Informatica, Data Migrator, SSIS, Data Stage Databases MS SQL Server 2008/2012, IBM DB2, Oracle Database 9i/10g, Toad for SQL Server, IBM Netezza Testing Tools Serena Team Track, PVCS Tracker, HP Quality Center, IBM ClearQuest, BugZero UI Tools MS Visio, SnagIT, Axure RP, ERWIN Dashboard LogiXML, MS Dynamics CRM Dashboard Requirements &Project Management Tools Rational Requisite, JIRA, MS Project (7 years), Operating Systems HP-UX, Linux, Windows XP/2003/2007, Novell(Micro Focus) Netware, MS-DOS, Sun Solaris, IBM Mainframe z/OS Reporting SAP Business Objects Enterprise and Infoview, IBM Cognos, SSRS ETL Tools Informatica, Data Migrator, SSIS, Data Stage Databases MS SQL Server 2008/2012, IBM DB2, Oracle Database 9i/10g, Toad for SQL Server, IBM Netezza Testing Tools Serena Team Track, PVCS Tracker, HP Quality Center, IBM ClearQuest, BugZero UI Tools MS Visio, SnagIT, Axure RP, ERWIN Dashboard LogiXML, MS Dynamics CRM Dashboard Requirements &Project Management Tools Rational Requisite, JIRA, MS Project (9 years)","Additional Information
TECHNICAL SKILLS 
Operating Systems HP-UX, Linux, Windows [...] Novell (Micro Focus) Netware, MS-DOS, Sun Solaris, IBM Mainframe z/OS 
Reporting SAP Business Objects Enterprise and Infoview, IBM Cognos, SSRS 
ETL Tools Informatica, Data Migrator, SSIS, Data Stage 
Databases MS SQL Server [...] IBM DB2, Oracle Database 9i/10g, Toad for SQL Server, IBM Netezza 
Testing Tools Serena Team Track, PVCS Tracker, HP Quality Center, IBM ClearQuest, BugZero 
UI Tools MS Visio, SnagIT, Axure RP, ERWIN 
Dashboard LogiXML, MS Dynamics CRM Dashboard 
Requirements &Project Management Tools Rational Requisite, JIRA, MS Project","Washington, DC","New York University Polytechnic Institute Brooklyn, NY",None,MS in Engineering Management," Over 9 years of IT experience as Business Analyst/Business Systems Analyst/Data Quality Analyst in various lines of businesses such as Group Life Insurance/ Individual Life/Annuities, Property & Casualty Insurance, Specialty Insurance and Other Financial sectors 
 Experienced working with various Software Development Lifecycle methodologies such as Rational Unified Process, Agile (Scrum) and Waterfall 
 Strong experience in Data Warehousing environment, Business Intelligence Reporting, analyzing Fact Tables and Dimension Tables 
 Strong knowledge in Transactional/Dimensional data modeling concepts 
 Expertise in data analysis for Online Transactional Processing (OLTP), Data Warehousing (OLAP) / Business Intelligence applications 
 Proficient in Enterprise Data warehouse, worked on several projects involving both Forward Engineering as well as Reverse Engineering techniques 
 Strong knowledge with SAP Business Objects XI Infoview, creating new Universe, defining Fact, dimensions and measures 
 Well versed with Enterprise Data Reconciliation techniques by looking into Master Data, Transactional Data 
 Proficient with Unified Modeling Language (Use cases, Activity Diagrams, Sequence diagrams, ER diagrams etc) 
 Expertise in creating/gathering requirements for Business Analytics Dashboard using LogiXML tool consisting Trend analysis chart, bar chart, pie charts, graphs and Key Performance Indicators (KPI's) 
 Extensive experience in ETL tools like Powercenter Informatica and IBM Infosphere Data Stage 
 Working knowledge in Teradata using database commands and Teradata utilities such as BTEQ, SQL Assistant, Fast Load and Multi-Load 
 Experience in delivering extensive documentation but not limited to Functional Specification Document (FSD), Business Requirement Document (BRD), Technical Design Document (TDD) 
 Proficient in creating User Stories and analyzing test scenarios 
 Expertise in Data Quality Processes including but not limited to Data Mapping, Data Mining, Data Validation and Data Cleansing 
 Extensive hands-on experience with relational database management techniques with heavy exposure to MS SQL Server (T-SQL, SSRS etc.) 
 Worked extensively with quality assurance team in understanding and documenting Test Cases, System Test Plans (STP), User Acceptance Testing (UAT) 
 Experience working with many Offshore teams across the world on different time zones"
33,"Janesville Acoustics - Warrensburg, MO && Meteor Sealing Systems LLC - Dover, OH && Badve Engineering Ltd. - Aurangabad, Maharashtra && Korrocoat Polymers Pvt. Ltd. - Pune, Maharashtra && Pune Metagraph - Pune, Maharashtra","Responsibilities 
Analyze failure, corrective and preventive action to respond customer complaints. 
Prepare PPAP, PFMEA, process flow, control plans and cap studies. 
Responsible for planning, organizing and managing overall activities of quality function. 
Coordinate quality control objectives and activities to resolve production problems, maximize product reliability and minimize cost. 
Analyze and act on both internal and external quality concerns. 
Manage TS-16949 standard. 
Schedule and coordinate internal/ external TS 16949 audits. 
Implemented shift communication in quality department. 
Develop training for quality awareness.  
Direct customer and supplier liaisons for plant quality activities and concerns including scheduled visit. 
Prepare PPM (parts per million), cost of quality reports and performance metrics. 
Represent the company quality system during customer audits. 
Prepare and update product sheets. 
Assist in prepare and update of bill of material. && Efficiently handled incoming inspection. 
Active member of problem solving team. (8D) 
Actively participated in APQP process. 
Successfully conducted training sessions for operators. 
Represented the company directly with customers audits. 
Represented company for Quality System and supply chain quality activity. 
Utilized statistical methods, such as, process capability data analysis, statistical process control (SPC). 
Maintained customer contacts by being proactive and reactive to customer concerns. && Efficiently monitored paint consumption on daily basis. 
Introduced report for thinner intake and wastage of thinner in each colour change. 
Received appreciations from GM and Sr. Manager Q.C. for reduction in paint consumption. 
Monitored & audited the process parameters of Pre-Treatment Line like spray pressure, temperature,etc. and Paint Booth parameters like air velocity, temperature, humidity, spray gun pressure and flow rate by using equipments like Anemometer, Hydrometer, Data logger (TTR), etc.  
Monitored the paint consumption against the norms established by customer. A 
Implemented 5S, Kaizen and TPM. 
Successfully conducted training sessions for the Q.C. operators and painters for paint defects awareness.  
Acted as a Member of Cross Functional Team for New Product Development and manufacturing process establishment. && Undertook the responsibility of quality control of products and was involved in research activities for developing, formulating and testing new products. 
Testing of incoming raw material parameters like % solid content, thinner intake & 
acid value of resin, hiding power, tinting strength of the pigments & testing like 
distillation range, specific gravity for solvent. 
 Testing of finished product characteristics like viscosity, shade matching, 
adhesion, flexibility, impact resistance, acid, alkali and solvent resistance. 
Improved the existing products as per the feed back of customers.  
Implemented cost effective solution of producing efficient products by reorganizing the production and manufacturing process. && Assigned task of testing incoming raw materials for their various properties such as tensile strength, % elongation, printability, etc. of polymer adhesive films and finished product testing like petrol resistance, detergent resistance, re-coatability with lacquer, weathering resistance, Salt spray resistance, etc. 
Prepared test reports of raw materials and finished product as per specification and monitored in process material by carrying various testing.",Quality Manager && Quality Team Leader && Junior Engineer && Quality Engineer && Lab Assistant,October 2013 to July 2015 && April 2012 to September 2012 && September 2007 to January 2009 && January 2006 to August 2007 && July 2005 to December 2005,"Process control and auditing.Customer and supplier interaction,quality engineer, APQP,PPAP, Control Plans, process flow.","Additional Information
ACADEMIC PROJECT  
 
Project Title: Studies in Water Reducible Polyester Resin. 
Description : The project deal with the making of coatings based on water reducible polyester resins to meet environmental norms. By preparing polyester resin of high molecular weight and accordingly varying raw materials for resin preparation and then emulsification of resin for preparation of water reducible coatings. 
Attended 3 months in plant training in Berger Paints India Ltd. at Howrah, Kolkata in various departments like Raw Material Q.A., Resin Production section, Bead Mill production section, Ball Mill production section, Process Control Lab, Quality Control Lab and Powder Coating manufacturing section.","Chinchvad, Maharashtra","Laxminarayan Institute of Technology Nagpur, Maharashtra && North Maharashtra University. Jalgaon, Maharashtra",January 2009 to January 2011 && January 2001 to January 2005,M.Tech in Paint Technoogy && B.Tech in Paint Technology,"An astute leader with 6 years of experience in Quality Control & Assurance & Process Improvement. 
Managing overall operations in plant with a view to enhance the operational efficiency, eliminating obsolescence and achieving cost reduction through vendor development, curbing rework & rejection, materials management and troubleshooting. 
A keen strategist and planner with skills in conceptualizing and effecting process initiatives to enhance efficiency and productivity.  
A skilled communicator with strong leadership, relationship management, negotiation, people management, analytical and coordination skills.  
Experience with Control plan, Process Flow, FMEA, PPAP , APQP and 8D Methodology."
34,"First Data - Thane, Maharashtra && WNS Global Services Private Limited",None && None,Quality Analyst && Research Analyst,August 2014 to December 2016 && February 2011 to July 2014,Sap Fico,"Additional Information
REENA D VAIDYA 
Phone: [...]  
E-Mail: reenadv23@gmail.com 
Participant ID- [...] 
 
PROFESSIONAL SYNOPSIS 
 
 Certified SAP ECC 6.0 EHP7 FI Consultant with 88% marks from ATOS - SAP Authorized Training Center, Mumbai 
 M.Com with 6 years + of experience in Accounting and Other Finance domains. 
 
ACADEMIC CREDENTIALS 
 
2006 - 2008 M.Com 
Pune University 
2003 - 2006 B.Com 
BYK College of Commerce, Pune University, Nasik 
 
SAP CERTIFICATION 
 
SAP ERP Finance, Version ECC 6.0 EHP7 
ATOS - SAP Authorized Training Center, Mumbai 
(26th Dec 2016 - 03rd Feb 2017) 
Modules Covered: 
TFIN50- Financial Accounting I 
TFIN 52- Financial Accounting II 
Non SAP EXPERIENCE  
Worked with First Data India Pvt Ltd. from 11 August 2014 till 30 December 2016. 
First Data Corporation is a global payment technology solutions company. A global leader in commerce-enabling technology solutions, serving over six million business locations and four thousand institutions in 118 countries.  
Key Responsibilities: 
 Quality Analyst for Merchant Boarding Representatives working in the US. 
 Checking the detailed financial data about the rates and fees for each and every product. Analysing the same on the applications and making the required corrections, thereby, not financially affecting the First Data clients for any miss outs made by the Boarding Representatives. 
 Prepare reports to communicate outcomes of quality activities.  
 Publish QA statistics on a daily, weekly and monthly basis. Collect and compile statistical quality data. 
 Develop, recommend and monitor corrective and preventive actions. Document internal audits and other quality assurance activities. 
Worked with WNS Global Services: WNS Global Services (Nashik) from 17 September 2012 till 08 July 2014: 
 Worked as a research analyst for a risk intelligence organization- Regulatory Data Corp.  
 To meet critical client on-boarding and monitoring requirements with extensive international coverage of negative media, OFAC and other government watch-lists, international regulatory authority actions, and more.  
 To highlight potential vulnerability to malfeasance, organized crime influence and asset fraud.  
Access our consulting services to address a range of regulatory, criminal and reputational risks including corruption, money laundering and terrorists financing, sanctions and embargoes, fraud and criminal associations.  
 Minute to minute screening of terrorist and organized crime figures and groups on international law enforcement watch-lists. Daily monitoring more than 400 global watch-lists with the finest international negative media coverage.  
 Utilizing the most robust search engine, most configurable database to make sure the client gets the right solution to maximize business efficiencies.  
 Coding the risk database, or Global Regulatory Information Database (GRID) with accurate, risk-relevant event codes - ranging from money laundering, terrorism, fraud, narcotics trafficking, organized crime, embargoes and sanctions, to PEPs, regulatory watchlists, identity theft, burglary, cybercrime and more. 
Key Responsibilities:  
 Handling a team of 10 and ensuring that the members are motivated towards their performances by giving them a proper feedback for quality and productivity. 
 Dealing with challenging issues and problems which arise. Mentoring as well as training the junior and new staff.  
 Preparation of all the monthly performance reports for the managers. Coordinating with the client regarding any process update and informing the team members about the same. 
 Coordinating with the IT department with reference to any IT issues. Arranging monthly team meetings and preparing MOM of the same.  
 
Application Knowledge:  
Worked on Management Analysis and Reporting System (MARS)  
Worked on Data Quality Application (DQA)  
Google  
Whitepages  
Behindthename 
Extra Activities:  
Basics of Lean Six Sigma (BLSS)  
ISO awareness  
Business Writing Skills  
Engage to Excel 
Stress Management  
Quest  
Train to Retain  
WNS Global Services (Mumbai) from 07 February 2011 to 31 August 2012:  
Key Responsibilities:  
Resolving all issues of British Airways Customers.  
Coordinating with various departments to resolve customer issues.  
To adhere service level and provide resolutions within the prescribed turnaround time. To ensure customer satisfaction by providing proper resolutions. 
Worked with VPH Associates (Andheri, Mumbai) from November 2010 to February 2011 
Key Responsibilities: 
Auditing of Sales and Purchase notes for a chemical industry. 
Accounts Reconciliation project for MSEB - Prakash Ganga (Bandra) 
Worked with Agrawal Malvade Patil & Associates (Nashik) from January 2009 to October 2009  
Key Responsibilities: 
Preparation and Finalization of Profit & Loss Account and Balance Sheet  
Filing of Income Tax and VAT returns. 
Worked on on Tally 9.0 
 
PERSONAL DETAILS 
Date of Birth : March 02, 1986  
Current Address: A 003, Vasanth Athena, Beside Viviana Mall, Easter Express Highway, Thane 400607  
Permanent Address: 1/6, Sadanand Apartments, Tilak Wadi, Sharanpur Road, Nashik 422002","Thane, Maharashtra",Pune,None,M.Com,None
35,Mindtree Ltd,"Duration: Since Dec '14 till now 
Project undertaken: 
 
Client 1: AIG (A leading Global Insurance Firm in US) 
Project: Data Quality (1 year experience) 
Role: - Data Quality Analyst 
Responsibilities: - 
 Development of rules in IBM IA for the client data. 
 Development of SQL queries for data validation. 
 Data Quality infrastructure installation. 
 Troubleshooting and debugging IA errors. 
 Issue Monitoring and Resolution (IMR) on data. 
Environment: - IBM InfoSphere 
Operating System: - Windows 7 
Team Size: - 12 
Client 2: Adidas (A leading Sports Wear Manufacturer in Germany) 
Project: Reporting (11 months experience) 
Role: - Data Analyst 
Responsibilities: - 
 Development of reports and dashboards. 
 Worked on public objects and schema objects. 
 Basic functions of Object Manager. 
 Development of SQL queries for data validation. 
 Making the changes to the reports and dashboards after getting the RFC. 
Enviroment: - Microstrategy, SAP HANA 
Operating System: - Windows 8 
Team Size: - 7",Data Analyst,None,"Microstrategy (1 year), Sql (2 years), Information analyser (1 year)","Additional Information
SKILLS 
 
 Technology: Data Warehousing/ETL, Database, Reporting 
 Primary Skills: IBM InfoSphere Information Analyzer (1 year), 
Microstrategy (11 months), SQL, Tableau, trained on SSRS  Database: Oracle, DB2, SQLServer, SAP HANA.","Bangalore, Karnataka","Institute of InformationTechnology and Management Gwalior, Madhya Pradesh && Miss Hill H.S. School Gwalior, Madhya Pradesh",2014 && 2008,B.Tech in Information && Class X in Science," Data Analyst with 2 years of experience. 
 Experience in developing SQL queries for data validation and generating ad-hoc reports. 
 Mapping a data model used by the IBM Information Analyzer. 
 Experience in development of IA scripts and interacting with IA CLI interface. 
 Experience in development of XML scripts for IA. 
 Have worked from client location for 1 year. 
 Experience in creating reports and dashboards in MicroStrategy. 
 Active team member with good analytical, communication and interpersonal skill. 
 Trained on Power BI tool, SSIS, SSRS. 
 Developed dashboards in Tableau."
37,"AL JAZEA INDUSTRIAL COMPANY - DAMMAM - KINGDOM OF SAUDI ARABIA && NATIONAL INDUSTRIES COMPANY FOR BUILDING MATERIALS - KUWAIT - KUWAIT && COSMOPLAST INDUSTRIES WLL - SHARJAH - U.A.E && AL WASSEL IRRIGATION SYSTEM FACTORY"" Buraidah - BURAIDAH - AL QASSIM - KINGDOM OF SAUDI ARABIA && INTEGRATED THERMOPLASTICS LTD - Hyderabad, Andhra Pradesh","Worked as QUALITY CONTROL MANAGER /ENGINEER at JAZEA POLY ETHYLENE PIPES FACTORY (JPEPICO), DAMMAM , K.S.A since April 2011 to 15-12-2015 
A new plant set up for producing the PolyEthylene pipes , applicable for the transportation of water supply(Pressure/non pressure) for different needs.  
Started here from the initial stage of the factory set-up, like setting up the Quality Control Department, arranging the testing equipment for the lab, from the standard suppliers of testing equipments in the market. Preparing the related documents for the tests to be carried out. 
Also worked over getting the certification of ISO 9001-2008 and certification from SASO and Nsf-61 Certification for our product to our organization. && Worked as a PRODUCTION ENGINEER at ""NATIONAL INDUSTRIES COMPANY FOR BUILDING MATERIALS""-KUWAIT in the HDPE PIPES AND FITTINGS manufacturing section. 
 
Production in our section upholds in manufacturing the pressure pipes for the sizes ranging OD25mm to OD 900mm ranging pressures PN6 to PN16. 
Also the corrugated pipes ranging diameters from ID34mm to ID500mm both with inside corrugated and also inside solid wall. 
We also produce the Profile pipes from KRAH MACHINE with ranging diameters ID300mm to ID2400mm for the manufacturing of larger profiles of manholes production ranging diameters from ID600mm to ID2400mm.  
Worked as Production Engineer in this HDPE section to improve the efficiency in manufacturing by attending towards every minimal breakdowns concerned with production outputs with regular follow-ups technically and effectively towards them && Worked as a PRODUCTION ENGINEER IN PRODUCTION DEPARTMENT 
The company was the leading manufacturers in the middle east to produce the larger diameter of Upvc pipes and upholds various processing techniques with separate departments like Extrusion department, Injection molding, Blow molding, Rotational molding, Pre-insulated pipes section, Blow film section which applied for the thermoplastic materials to give the final shape for utilization of consumers for their house-hold needs. 
Was working as a production engineer in extrusion department of UPVC pipes. 
Production of pipes are applicated for drinking water supplies, drainage facilitations, sewerage pipes, pipes for irrigation purposes, also pre-insulated pipes for oil and gas supply lines etc. && Worked as a Production Supervisor also the Dep't Head Assistant at AL WASAIL INDUSTRIAL COMPANY Buraidah, Al-Qassim. 
The Company was one of the leading manufacturers of Polyethylene Pipes Certified with ISO 9002: 1994 with its demanding markets in the Middle East also in the Western Countries. 
Products of company were High Density Polyethylene Pipes, Low Density Polyethylene Pipes, and Linear Low Density Polyethylene Pipes. Also the Butt Welded joints like Butt Welded -Tee, Reducers. Production of the polyethylene pipes were ranging from diameters from OD 4mm to OD 630mm produced according to the standards of DIN 8074, Australian Standards (AST), ISO Standards with safety factor-1.25C. && The company was a leading manufacturer of Upvc pipes and fittings in the southern part of India 
As a Production Supervisor, i used to handle the production schedules submitted to me from my production engineer. 
 Handling the production breakdowns to minimum levels to achieve the targeted production. 
 Maintaining the production output to a maximum level by keeping the production within quality standards. 
 Minimizing the scrap percentage was the main motto. 
=======================================",QUALITY CONTROL MANAGER && PRODUCTION ENGINEER && PRODUCTION ENGINEER && Production Supervisor also the Dep't Head Assistant && PRODUCTION SUPERVISOR,April 2011 to December 2015 && August 2009 to October 2010 && January 2007 to June 2009 && May 2004 to July 2006 && May 2003 to January 2004,IT (ERP - PLATFORM) SAP - PM (2 years),"Additional Information
COMPUTER SKILLS: 
 
Operating system: Windows 
Packages: MS-Office, Internet, E-mail Application 
Worked over Scala Business Solutions NV, with the latest version i-Scala 2.2 in our company. 
* Working with i-Scala routines. 
* Entering data in the form fields 
* Material Production Control. 
* Printing from i-Scala 
 
SAP - PLANT MAINTENANCE FUNCTIONAL CONSULTANT: 
Good Knowledge of SAP - PM Module with the following strengths:  
 Master Data ( Functional Location, Equipment, BOM, Task Lists, Serial Numbers, Work Centres ) 
 Break Down Maintenance 
 Corrective Maintenance  
 PM work orders 
 Order types 
 Preventive Maintenance ( single cycle plans, counter based plans , strategy based plans, time based plans ) 
 Single cycle plans 
 Notification types. 
As a part of Support team, PM consultant, I can carry out the following :. 
 Field selection for notification type. 
 Screen selection for notification type. 
 Configuring action box to the notification type. 
 Configured catalog profiles for the notification type. 
 Configured code group and codes for the catalog profile. 
 Configured order types for the notification type. 
 Configured user status profile for the notification type. 
 Configured partner determination procedure. 
 Configured order types fully for notification type 
 Set up maintenance plan 
 Set up maintenance strategy. 
 Set up task list for functional locations. 
 Set up field selection for functional location and equipment. 
 Set up structural indicators","Kurnool, Andhra Pradesh","Central Institute Of Plastics Engineering And Technology && Gulbarga university Gulbarga, Karnataka",July 2001 && January 1995 to October 1999,Post Graduate Diploma in Plastics Engineering && Bachelor's of Engineering in Mechanical Engineering,Seeking a challenging position in any organization in order to prove my ability towards improving the organizational goals in the today's competitive market in the most benefit way& to reach peak in the field of Engineering and to utilize my talents and creative ideas for the growth of organization as well as for the individual development.
39,"Serco Global Services - Mumbai, Maharashtra && Serco Global Services - Mumbai, Maharashtra && Wipro BPO && Wipro BPO && Adventity","Reporting to the Senior Manager - Operations for Barclays Bank UK - Retail Banking Customer Service 
* Managing a span of 28 members - 25 Quality Analysts, 2 Quality Team Leaders and 1 MIS resource 
* Improved productive activity of the department leading to a billable increase in team span 
 
Quality Process 
* Set out quality standards for various customer metrics, ensuring a high-quality of customer experience, while adhering to the SLAs and work process 
* Instrumental in setting up a new Call Quality Monitoring framework in collaboration with Onshore client. This model was replicated across all other India Operations 
* Set and maintain stringent controls on call quality and service levels 
* Continuously embedded Quality culture across Operations 
* Engaged & collaborated with Operations teams in driving results 
* Lead Internal Risk & Compliance audits 
* Facilitate client Risk & Compliance audits ensuring positive results 
 
Process Improvement 
* Monitor the overall functioning of processes & identify improvement areas using Six Sigma and Lean techniques 
* Drive process improvement projects using DMAIC methodology and provide support to Business process owners to take their projects to completion 
* Coordinate with all stakeholders to ensure that the project progresses in a timely manner 
* Ensure that the financial and non-financial objectives of each project are achieved 
* Ensure timely and relevant communication to all stakeholders, throughout the project 
 
Client Management 
* Work with clients to agree on action plans for performance upliftment 
* Ensure client expectations are met with respect to business requirements 
* Attend weekly and monthly reviews with clients 
 
Others 
* Helped in setting up Call Quality framework for a corresponding process (Barclays UAE) 
* Provide intelligence on various MI reports, aiming at focused action areas 
 
Achievements: 
 Awarded the 'Excellence Award for Outstanding Contribution' at a Divisional level at the annual PULSE Award ceremony 2013 && Joined as a Team Lead for Retail Banking (Barclays Bank UK) 
* Worked in the capacity of a Quality Team Leader for the process 
* Managed a team of 15 Quality Analysts 
 
Quality Process 
* Lead the team to ensure accurate output from call observations 
* Lead Gage R&N Calibrations across Onshore and Onsite teams 
* Provide input to Operations for improving performance 
* Assist in Internal Risk & Compliance audits 
 
Process Improvement 
* Report performance dashboards to stakeholders for effective decision-making 
* Assist all stakeholders to ensure that the project progresses in a timely manner 
* Ensure timely and relevant communication to all stakeholders, throughout the project 
 
Client Management 
* Liaising with Onshore and On-site clients 
* Work with clients for knowledge sharing and exchange best practices 
* Prepare weekly and monthly decks for client reviews 
 
Others 
* Worked to tight deadlines and prioritized a large number of conflicting and frequently changing priorities 
* Handled end-to-end managerial responsibilities as the acting AM Quality in the absence of one, for 10 months. 
 
Achievements: 
 Received Serco Star award for performance in Nov'12 
 Silver accredited in British Council's Coaching Excellence programme && Successfully managed upto 18 associates at a time 
* Attained in-depth knowledge of process level metrics and revenue parameters 
* Responsible for ensuring team targets are met 
* Identify improvement areas, devise solutions and oversee implementation of the same 
* Data management and analysis, outlier management 
* Hold one-on-one feedback sessions with team members 
* Organize team outings, dinners and other fun activities to keep team members engaged 
* Identification and management of possible attrition cases 
* Trained in Six Sigma methodology 
* Lead EWS Effectiveness Improvement project using Six Sigma tools 
* Responsible for managing the productivity of the queue 
* Maintain the Daily Recordings of the Queue to ensure no deviations from client specifications 
 
Achievements: 
 Received Best Team Award for Dec'08 
 Placed in the category of top 5 TLs for three quarters in a row && Educate clients (U.S healthcare providers) with member benefits and resolve claim issues 
* Research clients' contracts to ensure that claims are processed correctly according to the terms of the contract 
* Check coding combinations to ensure appropriate billing is done on claim 
* Thorough knowledge of the claim billing system && Inbound Customer Service Executive 
* Customer Service and sale of Dish Satellite television to the customer base in U.S 
* Selected to be a part of the Outbound Mortgage Pilot process",Assistant Manager - Quality && Team Leader Quality && Team Leader Operations && Customer Service Representative && Customer Service Executive,April 2013 to May 2014 && January 2011 to March 2013 && October 2008 to July 2010 && August 2007 to September 2008 && August 2006 to June 2007,"Six Sigma, LEAN, Quality Management, Retail Banking","Additional Information
Technical Proficiency 
Microsoft Office tools 
Trained in Six Sigma methodology using DMAIC 
Trained in Lean techniques","Mumbai, Maharashtra","Institute of Distance Education Mumbai, Maharashtra",April 2009,Bachelor of Commerce,I have worked in customer service departments. I am open to working in varied fields where I can apply my knowledge and skills to bring about improvement in performance.
41,AEGIS Limited,"Analyst 
 
Roles and Responsibilities: 
Have worked in Aegis Intercompany PRR (Specialist  Quality Analyst) process for the client HireRight Inc, Irvine, handling the below activities 
1. Criminal data verification of applicants through US court database by searching the applicant name in the county/state criminal websites. 
2. Giving accurate information of the applicant by matching exact name, DOB, address, SSN & driving license of the applicant 
3. Sending results to clients. 
4. Preparing daily quality report based on production & errors received 
5. Tracking trends in quality, customer satisfaction & complaints, and performance 
6. Tracking, monitoring & validating daily errors 
7. Providing feedback to the researcher whenever required 
8. Complete the work within stipulated time with 100% quality 
9. Conducting regular calibration 
10. Sending shift end report to the team manager",Specialist - Quality,September 2010 to August 2016,"Microsoft office, SAP HCM","Additional Information
Technical Skills: MS-Office (MS Word, MS PowerPoint, MS Excel) Windows XP, Computer Typing (30WPM), Diploma in Computer Programming","Bangalore, Karnataka","Bangalore University Bangalore, Karnataka && BKS High School Bangalore, Karnataka",2009 && 2004,B.COM in First && S.S.L.C in K.S.S.E.B,"Looking forward to secure a position in an Organization as a SAP HCM Functional consultant. With commendable knowledge on SAP-HCM module. I believe I would be able to instantaneously contribute to the growth and development of the organization 
 
Overview of SAP Knowledge 
 
 Effectively trained in SAP HCM on ECC 6.0 Version 
 Expertise on various modules of SAP HR such as personnel administration, organization management, time management, payroll-India. 
 Knowledge on ASAP methodology, gaps, functional specification, reports, LSMW. 
 Knowledge on PCRs and Schemas 
 
Area of Expertise in SAP HCM 
Personnel Administration 
 Customization of enterprise structure, personnel structure and organizational structure 
 Creating features for determining default values and controlling the system processes using feature NUMKR 
 Configuration of info menu, info groups, action menu for user groups 
 Basic settings to maintain employee master data within the respective info types and to maintain the flow of personnel actions 
 
Organizational Management 
 Creation and maintain objects like organizational units, jobs, positions, persons, work centres, and integrated all of these into the enterprises organizational plan using expert mode, simple maintenance and organization & staffing 
 Creation of relationships among all the organizational units 
 Creating tasks and assigning to jobs and positions 
 Creation of organization units as per client requirement & integrating it using plogi switches 
 
Time Management 
 Define public holidays, holiday calendar and factory calendar. 
 Define break schedules, rules for variant, daily work schedule, period work schedule 
 Creating work schedule rule and generating work schedules & defaulting it using feature SCHKZ 
 Define absence types and attendance types, absence quota types, deduction rules, counting rules and rounding rules 
 
Indian Payroll 
 Good understanding on the payroll process, Schemas and PCR 
 Creating period parameters, payroll periods, payroll accounting area and control record 
 Defining pay scale structure consisting of pay scale type, pay scale area, pay scale group and pay scale levels 
 Creating wage types, wage type model, setting up the permissibility and defining wage type characteristics including direct & indirect valuation methods 
 Generation of payroll periods, remuneration statement & knowledge on features like ABKRS & TARIF"
3,Yes Bank Ltd && Citibank N.A && Citibank N.A && Convergys India Services,"Responsible for development and maintenance of a customer-focused culture through Quality assurance of Phone banking & E-mail channel. 
* le &Duties 
* Preparing monthly targets as per Quality Process note guidelines. 
* Monitoring & managing performance of the team. 
* Sharing Quality feedback with Operations manager on Unit's performance. 
* Preparing MIS for publishing Unit's (Phone banking & e-mail) Quality Scores & Errors. 
* Evaluating and conducting RCAs for complaints received at Grievance Redressal desk. 
* Maintaining data for analytical purposes. 
* Conducting calibrations between Team leaders, Managers & Evaluators for uniformity in understanding of Quality parameters. 
* Ensuring critical failures do not breach the threshold as per bank's guidelines. 
* Sharing identified gaps in process & procedures to Training team for training of operations team. 
* Coordinating with various units for ORM reporting. 
* Conducting Quality & Process notes training with New hires. 
* Remote-handling for setting up of Quality framework of other LOB's (Credit cards, Digital banking & Inclusive social banking.) 
 
Process notes designed: 
 
* Escalation handling at Phone banking. 
* Promised call back 
* Line disconnect 
 
Programs developed & conducted: 
 
* Service First - Basics of telephone etiquettes & communicate effectively 
* Raise the bar - Handling difficult customers & power of perception && As a Team leader contributed in shaping and taking forward objectives of the organization by meeting monthly Sales & Service targets. 
 
* Ensuring that service delivery standards are maintained. 
* Promoting & maintaining awareness and compliance of Information Security in accordance with best practice. 
* Leading & developing the team in all aspects of excellent customer service. 
* Training, coaching & mentoring junior staff as required. 
* Managing all performance and governance activities. 
* Monitoring weekly performance against targets. 
* Establishing and maintaining Roles and Responsibilities for the officers in the team. 
* Delivering regular team communications and organizing monthly meetings. 
* Ensuring high RSAT for team members and constant improvement in the NPS. 
* Ensuring timely update of Payroll inputs for the Officers. 
* Nominating officers for the Client Excellence award on a Monthly/Quarterly basis. && * Making outbound calls for convincing customers on Loan on Phone (LOP) product. 
* Making daily MIS. 
* Achieving monthly Sales targets. && * Solving billing queries for AT & T process 
* Cross selling Local Toll and Long distance services 
 
Training/Workshops attended: 
 
* Planning & Time Management 
* Addictive Customer Experience 
* Exceed Customer Expectations 
* Coaching for Results 
* First Time Managers",Operations Service Delivery Manager (Quality) && Assistant manager && Senior Customer Care Officer (LOP Specialist) && Customer Care Associate,December 2014 to Present && April 2012 to July 2014 && October 2006 to April 2012 && March 2003 to January 2004,* Sales & Service operations management * Leadership & mentoring * Team- management * Customer Service * Process improvement * Cross functional coordination * Quality adherence * Process knowledge expertise * Soft-skills & Behavioural trainer * Content development * Strong interpersonal &communication skills,None,"Gurgaon, Haryana","Delhi University Delhi, Delhi && Mount Carmel School New Delhi, Delhi && Sikkim Manipal University && Polytechnic for Women",2002 && 1999 && None && None,B.Com in Pass && M.B.A && Diploma in Information Technology && None,"* A result oriented professional with over 10 years of experience in the field of Customer service with leading organizations. 
* An exemplary communicator with rich expertise in client interaction for both Sales & Service fields. 
* Detailed knowledge of Quality guidelines for voice processes. 
* Successfully developed and led a team of 20 people. 
* Expert in Data Analysis & MIS generation. 
* Hands on experience in developing Process notes & Content development. 
* Proven skills in writing scripts & e-mail templates. 
* Expertise in training of Soft -skills & overall grooming. 
* Demonstrated abilities to motivate & mentor the team by handling customer complaints and teach them by Show and Tell methodology."
12,"RSL infotech - Krishnagiri, Tamil Nadu","Data Entry Field: 
I am Worked to Data Entry Field in One Year then my Designation is Data Entry Operator and Quality Checking 
 
Finance Field: 
Now, I am Working in Finance field 8 month onwards my Designation is Wealth Manager means System Work and Field Work",Data Entry Operator,February 2015 to March 2016,Microsoft office and well known basic system knowledge (1 year),None,"Krishnagiri, Tamil Nadu","Sona College of Tech Salem, Tamil Nadu && Sri vidya mandhir Arts & Science College Erode, Tamil Nadu && Muthamiz Govt.Hr.Sec.School && Muthamiz Govt.Hr.Sec.School",2015 && 2012 && 2009 && 2007,MCA && BCA && H.S.C in Arasampatti && S.S.L.C in Arasampatti,To accelerate my pace towards the growth of the organization by riding on my strength and to make innovations with my talented skills.
29,None,"Working Sr. Data Acquisition Specialist at Software Incubator Pvt.Ltd for last 4.8 Years (since May 2012) as Technical Team Manager.  
 
Experience in Robotic Process Automation (RPA) using kapow software. 
Experience in Research, Identification and Quality Analysing process. 
Good knowledge in MY SQL, Database structures, Data Base Management and Data Quality. 
 
Experience in managing team and task analyse. 
Have excellent knowledge in Website research with various website structures. 
 
Created a kapow supporting forum (http://kapow.forumsmotions.com) and active member. 
 
Worked as .Net Programmer Trainee at Firm CodeWare solutions LLP (Dec 2011 to March 2012)",Sr. Data Acquisition Specialist,May 2012 to Present,"Data Analysis (5 years), Kapow Software (5 years), .NET (Less than 1 year), Research (5 years), Quality Assurance (5 years), Documentation (5 years)","Additional Information
PERSONAL SKILLS 
 Comprehensive problem solving abilities. 
 Excellent verbal and written communication skills. 
 Good Team leadership ability. 
 Ability to deal with situations diplomatically and professionally. 
 Willingness to learn, work as a team and as well as individual and work hard.","Malappuram, Kerala","Sree Amman Arts and Science College Erode, Tamil Nadu && Bharathiar University Coimbatore, Tamil Nadu && Maharaja Arts and Science College Coimbatore, Tamil Nadu && Sree Vivekananda Higher Secondary School Malappuram, Kerala",2009 to 2012 && 2006 to 2009 && 2004 to 2006 && 2004,Master in Computer Applications && Bachelor in Computer Applications && Higher Secondary Education && Certificate in Higher Secondary Education,None
30,"Limeroad.com && Deals N You Pvt. Ltd && Fashion N You Pvt. Ltd && Fashion N You Pvt. Ltd - Mumbai, Maharashtra && DHL Express India Pvt Ltd","Reporting to: Quality Manager 
Key Responsibilities: 
* Maintaining and controlling the quality of products. 
* Auditing each and every single unit of products for maintaining quality standard. 
* Coordinating with management and supplier for audit time. 
* Keeping data base of all auditing products. 
* Create awareness of quality amongst the corporate suppliers and other individual customers. 
* To manage good relationship with the corporate suppliers. 
* Management reporting and planning. 
* Assisting dispatch department for dispatching products. 
* Arranging dispatch of products as per given instruction. 
* Apart from original packing of product maintaining additional packing in such a way that products have additional safely and it does not get damage during transit. 
* Follow up on all dispatched item until it's delivered to customer. && Reporting to: Quality Control Manager 
Key Responsibilities: 
* Maintaining and controlling the quality of products. 
* Auditing each and every single unit of products for maintaining quality standard. 
* Coordinating with management and supplier for audit time. 
* Keeping data base of all auditing products. 
* Create awareness of quality amongst the corporate suppliers and other individual customers. 
* To manage good relationship with the corporate suppliers. 
* Management reporting and planning. 
* Assisting dispatch department for dispatching products. 
* Arranging dispatch of products as per given instruction. 
* Apart from original packing of product maintaining additional packing in such a way that products have additional safely and it does not get damage during transit. 
* Checking all products details before dispatch like IMEI no, model no and other accessory details. 
* Coordinating with management and courier companies for dispatch time. 
* Keeping dispatch details of all dispatched products like mode of transport and courier tracking details. 
* Keeping data base of all dispatched products along with customer's necessary details like delivery address and telephone no. 
* Follow up on all dispatched item until it's delivered to customer. 
* Keeping records of all comments of customer after delivery report received. 
* Management reporting and planning. && Reporting to: Quality Control Manager 
 
Key Responsibilities: 
* Maintaining and controlling the quality of products. 
* Auditing each and every single unit of products for maintaining quality standard. 
* Coordinating with management and supplier for audit time. 
* Keeping data base of all auditing products. 
* Create awareness of quality amongst the corporate suppliers and other individual customers. 
* To manage good relationship with the corporate suppliers. 
* Management reporting and planning. 
* Assisting dispatch department for dispatching products. 
* Arranging dispatch of products as per given instruction. 
* Apart from original packing of product maintaining additional packing in such a way that products have additional safely and it does not get damage during transit. 
* Checking all products details before dispatch like IMEI no, model no and other accessory details. 
* Coordinating with management and courier companies for dispatch time. 
* Keeping dispatch details of all dispatched products like mode of transport and courier tracking details. 
* Keeping data base of all dispatched products along with customer's necessary details like delivery address and telephone no. 
* Follow up on all dispatched item until it's delivered to customer. 
* Keeping records of all comments of customer after delivery report received. 
* Management reporting and planning. && Mumbai 
Reporting to: SCM Manager 
 
Key Responsibilities: 
* Arranging dispatch of products as per given instruction. 
* Apart from original packing of product maintaining additional packing in such a way that products have additional safely and it does not get damage during transit. 
* Checking all products details before dispatch like IMEI no, model no and other accessory details. 
* Coordinating with management and courier companies for dispatch time. 
* Keeping dispatch details of all dispatched products like mode of transport and courier tracking details. 
* Keeping data base of all dispatched products along with customer's necessary details like delivery address and telephone no. 
* Follow up on all dispatched item until it's delivered to customer. 
* Keeping records of all comments of customer after delivery report received. 
* Management reporting and planning. 
* To manage good relationship with the corporate suppliers. && Reporting to: Store Manager 
Key Responsibilities: 
* Business development for The DHL Store in India (DHL) global chain of retail business service, shipping and logistics. 
* Marketing and branding for The DHL Store in India. 
* Responsible for handling sales and also to give business proposals and presentations to corporate clients about the various products and services. 
* To create awareness amongst the corporate clients and other individuals customers. 
* To manage good relationship with existing key corporate customers. 
* One point contact for customers about the products and services offered at the store. 
* To tie up with hotels and other business houses. 
* Management reporting and strategic planning.",Quality Auditor && Quality Auditor / Warehouse Executive && Quality Auditor / Warehouse Executive && Warehouse Executive (SCM) && Store Executive - Retail Store Operation (west),April 2013 to Present && November 2011 to September 2012 && March 2011 to October 2011 && August 2010 to February 2011 && April 2007 to June 2010,Mscit (9 years),None,"Mumbai, Maharashtra","Mumbai university Mumbai, Maharashtra",None,B.com.,"To Advance in life by hard work, expanding knowledge, by venturing into fields to be 
A part of dedicated, goal oriented team."
33,"Quintiles IMS India Pvt Ltd - Bangalore, Karnataka","Serve as data management project manager, as a project manager involved in study start-up activities such as designing and testing of the database, conduct phase activities and study close out activities. 
 Serve as primary point of contact for customer on data management deliverables 
With minimal guidance, provide project management expertise working with customer data managers, key decision makers, and internal team members to manage continuous process improvements, issue escalation, workload projections, and provide technical expertise with guidance, provide input for and perform direct negotiations with customer, e.g., timelines, financial, process, resources, maintain strong customer relationships. 
 Ensure open communications with customer and Quintiles management to manage and meet contractual obligations. 
 Meet with Data Operations Coordinator (DOC) and/or Data Operations team members on a regular basis to ensure milestones meet timelines and quality deliverables, establish strong communications with Data Operations team, functional leads, project managers and all other stake holders. 
 With minimal guidance, support DM service delivery with comprehensive DM process and technical expertise in executing projects. 
 Serve as the escalation point for unresolved data issues; with guidance, work with client data managers, vendors, and internal team members for resolution. 
 Work with functional manager(s) to ensure appropriate resources are assigned to meet project deliverables. 
 With guidance, create and/or review and sign-off on all data management plan (DMP) documents. 
 Implement proactive quality management plan. Identify any service and quality issues with agreed upon specifications per the DMP and contract/SOW and work with functional manager(s) to resolve. 
 With guidance, track service performance and provide leadership to identify root causes of issues and implement remedial action. 
 Continuously look for opportunities to improve efficiency of tasks and quality of deliverables. 
 Identify compliance issues and work with functional manager(s) to ensure timely follow-up and resolution. 
 With guidance, maintain internal tracking databases and systems financial Management/Business Development Support. 
 With guidance, ensure service and quality meet agreed upon timelines and deliverables in contract/Scope of Work (SOW). 
 Manage SOW/budget - Review financial reports on a monthly basis and participate in project reviews as requested - Identify out of scope tasks and track change orders to completion. 
 With guidance, may serve as Project Manager for single service DM projects, including financial tracking, revenue recognition, and invoicing. 
 With guidance, participate in and support RFP process (review RFP documents, pricing, attend bid defense). 
 Supervise and manage an assigned team of project delivery associates who manage or support studies to ensure quality, time and budget deliverables are met.",Associate Manager & Data Team Lead,December 2005 to Present,"Data Management (10+ years), Data Management (10+ years), Oracle Clinical (10+ years), Electronic Data Capture (7 years), Inform ,RAVE platforms (5 years)","Additional Information
Technical Skills 
 CDMS worked on: Oracle Clinical, Clintrial, OCRDC, EDC systems worked - PICTS, Inform & MediData RAVE 
 Programming Languages: Basic knowledge of SQL, PL/SQL & SAS 
 Applications used: TOAD, SQL developer 
 
Core Competencies 
 Comprehensive knowledge of the procedures and clinical practice standards of Federal Drug Administration 
 In-depth knowledge of the processes of clinical data management systems, clinical trial methodology, GCP and medical terminology 
 Skilled in mentoring, coaching, training internal and external partners 
 Outstanding communication and presentation skills 
 Possess strong organizational and time management skills 
 Ability to work under pressure and meet deadlines 
 Possess strong organizational and time management skills 
 Positive attitude, good interpersonal skills, ability to face and deal with issues in a mature and professional manner.","Bangalore, Karnataka","Bangalore University Bangalore, Karnataka && Bangalore University Bangalore, Karnataka",2003 to 2005 && 2000 to 2003,Master of Science in Microbiology && Bachelor of Science in Microbiology," 11.1 years of work experience in Clinical Data Management 
 Currently serving as Data Team Lead in global studies and also as an Associate Manager in Clinical Data Management. 
 Possess the ability to adapt to any situation and work well with others through effective communication and interpersonal skills 
 Experienced with data management tools, processes and therapeutic areas 
 Responsible for leading the DM team and for timely delivery of the Data Management deliverables 
 Current responsibilities include timely delivery of quality databases that meet customer requirements, managing projects, resource planning & utilization, monitoring of all project deliverables, attending teleconferences, problem solving mentoring and training 
 Experience in working in Phase I, II, IIIa & IIIb, IV and Observational studies 
 Experience in working on external data such as Lab, ECG, IVRS, Safety data reconciliation 
 Have a vast experience over a plethora of therapeutic areas from the project start up to the database release (lock).Worked on various therapeutic areas - Oncology, Neuroscience, Endocrine, Cardiovascular and immunology 
 Quality control and basic Project Management in clinical research (FDA) regulations/GCP/basic cGMP) 
 Exposure to Project Management in CDM starting from Implementation and Project Execution till successful delivery of Project. 
 Supervise and manage an assigned team of project delivery associates who manage or support studies to ensure quality, time and budget deliverables are met."
36,"BASF Catalysts India Pvt Ltd - Chennai, Tamil Nadu && Caterpillar India Pvt Ltd - Chennai, Tamil Nadu && Cadd Mission Technologies - Chennai, Tamil Nadu && Visteon Powertrain control Systems India Pvt. Ltd - Chennai, Tamil Nadu && Shanrag Machine Tools - Coimbatore, Tamil Nadu","* Responsible for all levels of quality control 
* Reviewing customer requirements and making sure they are met 
* Looking at ways to reduce waste and increase efficiency 
* Supervise workers engaged in inspection and testing activities to ensure high productivity and high technical integrity. 
* Develop and analyze statistical data and product specifications to determine standards and to establish quality and reliability expectancy of finished products. 
* Coordinate objectives with production procedures in cooperation with other plant QC teams to maximize product reliability and minimize costs. 
* Using relevant quality tools and making sure managers and other staff understand how to improve the business 
* Setting up and maintaining controls and documentation procedures 
* Responsible for machine drawings and plant drawings. 
* Tool development for production requirements. 
* To assist training for production engineers for the new machines and new layout change. 
 
Design Engineer in SPBU 
Caterpillar India Pvt Ltd, Chennai 
On deputation from 
GGS Information Services, Chennai && Chennai Nov 08 to May 09 
Job Responsibilities 
* Worked for hydraulic connectors CRIS. 
* To create 3D models and detailed drawings for CAT products. 
* the process linked with enhancing of product from existing and latest design, modeling and detailing using pro/Engineer. 
* Solely worked for Transmission Business Unit template creation. 
* To get data from engineering drawing using HVC. 
* Worked on more than 25000 drawings to the template creation. 
* Regular Interaction with process-partners to get inputs and updates. 
* Fix the issues while opening large assembly files. Possess functional experience in Assembly and disassembling of large Pro/E Files. 
* Handled operations in reading and interpret geometrical data into graphics in manual & technical drawing. 
* Creation and modifications of drawings or illustrations in Canvas, using Vismockup and Pro/E. Responsible for writing CAT products manual through SIS authoring. && Job Responsibilities 
* Responsible for reverse engineering design and development as per requirements. 
* Involved in modeling, assembly creation & interchange, drawing generation and detailing ensuring a smooth workflow. 
* Executed operations in conversion of 2D part drawings and assembly drawings into 3D drawings for various small-scale industries. 
* Part design with 3D solid and surface models. 
* Creating 2D drawing views using AutoCAD. 
* Assembly creation, Assembly interchange, Drawing generation and Detailing. 
* Managing the assembly database (as per assembly sequence) and Maintaining Bill of Materials (BOM) 
* Applying GD&T according to standards of the customer. 
* Concept development, product strategy and presentation preparation. && Job Responsibilities 
* Hands on exposure with Starter Motor -Armature Line (for four wheeler Vehicles) and performance Test rigs of Armature line Starter Motors. 
* Resolving issues rose in the process performance of test rigs of Armature line & Armature Dynamic Balancing. 
* Perform downtime analysis for accomplishing assigned tasks within time frame. 
* Ensure efficiency in the process by establishing standards and develop necessary measures for a seamless operational process. 
* Carried out 3c, 5s activities, shift production and drafting relevant pre-despatch checklist ensuring data accuracy. && Job Responsibilities 
* Responsible for shift production 
* Prepare pre-despatch checklist 
* Standardizing a cycle time and prepare process flow chart for machining process. 
* Organize daily meeting for updating information about both shifts.",Assistant Manager in Quality Control && Junior Engineer in PSID && Junior Design Engineer && Junior Engineer Trainee && Production Supervisor,November 2011 to Present && September 2009 to October 2011 && January 2007 to October 2008 && January 2006 to January 2007 && May 2005 to January 2006,"SQA (5 years), Autodesk Inventor (5 years), Quality Control (5 years), Auditing (5 years), Autocad (10+ years), Pro-E (6 years)","Additional Information
Core Competencies 
 ISO requirements 
 Internal and external audits 
 Lab equipment 
 QC tools techniques and practices 
 Quality Standards 
 
 G8D, WHY WHY, Problem Solving 
 Creation of 3D models 
 Scoping & Documentation 
 Relationship & Team Management 
 SAP 
 
Technical Skills 
Category 
 
2D Drafting 
 
3D modeling 
 
Data management 
 
PDM 
OS 
 
Software/Tools 
 
AutoCAD, 
Canvas, Corel draw, Adobe Photoshop 
 
Pro/Engineer, Catia V5, Solidworks 
Nitromation warehouse 
Team center Engineering, 
Windows 2000, XP 
 
Proficiency 
 
Proficient 
Proficient 
 
Proficient 
 
Proficient 
 
End user 
Proficient","Chennai, Tamil Nadu","Indian Institution of Industrial Engieering Mumbai, Maharashtra && Shanmugh Polytechnic College Thanjavur, Tamil Nadu",August 2012 to August 2017 && June 2003 to April 2005,BE in Industrial Engineering && Diploma in Mechanical Engineering,"Assistant Manager - Quality Control Manager with 11+ years of management and engineering work experience. Knowledge of quality assurance activities including audits recommending and implementing corrective actions providing accurate documentation of statistical reports and ensuring overall compliance. Also having experience in 3D modeling, Drafting, Manufacturing and Technical publication."
39,Global Logic Private Limited && Minvesta Infotech Limited,"Technical Knowledge: 
 
 Salesforce, Apex, Visualforce, Triggers, Asynchronusoperations, Dataloader, Custom Objects, Custom Fields, Page Layouts, Custom Tabs, Web Tabs, Reports and Dashboards. 
 Generating Reports, Dashboards, and customized reports and analysing the data in SFDC. 
 Operating systems: Windows XP & Windows 7. 
 
Presentations/Workshops: 
 Presented a PPT on Cloud computing in college. 
 
 Attended a workshop on Cloud Computing conducted by Anurag Engineering college in tech fest. 
 
Achievements: 
 
 Won the Inter college cricket tournament held in the college during 2013. 
 Was one among the top ten performers in Niantic process (GAMING) 
Leadership: 
 
 Was an organizer for the technical fest conducted in our college. 
 Was one of the event manager Fashion event in our college. 
 
 Was captain for the cricket team of our college. 
 
 Was Back End Fast Quality controller for 3months. 
 
 Used to train freshers and shadow their work. && None",DATA ANALYST && Worked as an ANALYST,March 2015 to September 2016 && September 2014 to March 2015,Salesforce (Less than 1 year),"Additional Information
 Ability to work in a dynamic environment under pressure situations. 
 Quick learner, self-motivated and a team player.","Hyderabad, Andhra Pradesh",DURATION && Technological Institute && Narayana Junior College && The Mother's Integral School,None && None && None && None,B.Tech in CSE && S.S.C && None && None,To become a successful professional in the field of Information Technology and to work in an innovative and competitive world.
