CandidateID,Company,Job-Description,Job Title,Job-Duration,Skills,Additional-Info,Location,Institute,School-Duration,Qualification,Resume-Summary
3,"CSR ERP Solutions Private Limited, Royapettah - Chennai, Tamil Nadu","Company Name: CSR ERP Solutions Private Limited, Royapettah, Chennai. 
Designation: Customer support Engineer 
Duration: 07th July 2015 to still 
 
 Company Name: ECPL Systems Private Limited, KODAMBAKKAM 
Designation: Customer support Engineer 
Duration: 2nd Jan 2013 to 12th Jun 2015 
 
Roles and Responsibilities: 
 Involved in keeping the computer network up to date with essential security patches, interacting with various vendors, and performing small tasks on the server. 
 Deploying, maintaining and troubleshooting mail servers, application servers, DNS, DHCP servers and modems. 
 Assigned incident tickets are closed within the Resolution time. 
 Installation and Troubleshooting of operating system. 
 Troubleshooting & resolving various network related issues. 
 Configuring and Resolving MS outlook. 
 Handle daily technical support activities on desktop support, data network and server management. 
 Grow clients and communicate to Account Manager by determining new opportunities. 
 Setup desktop computers and peripherals and test network connections. 
 Install and test desktop software applications and internet browsers. 
 Test computers to ensure proper functioning of computer systems. 
Maintain and troubleshooting the level 1 issue in windows voice server. 
 Configuration, Installation and troubleshooting USB color printer, scanner. 
 
Achievements: 
 Reduced the system downtime with current employer by 20%, increasing the productivity. 
 Reduced the cost of installing new equipment by identifying the effective solutions from right vendors by 10% 
 
 Place of issue: Madurai 
 Date of issue: 25.09.2012 
 Date of expiry: 24.09.2022",Desktop Support Engineer,July 2015 to Present,Desktop Support (3 years),"Additional Information
Technical Skills: 
 Microsoft Certified Solutions Associate (MCSA SERVER 2012) 
 Embedded C 
 MS-Office, MS Word, MS Excel, Outlook 
 C, C++ 
 ASNT-NDT-Level-II 
 
Area of Interest: 
 Desktop Support (L2), 
 Networking, Windows Server2003, 2008, 2012., Active Directory, DNS, DHCP. 
 Servers, Desktop and Laptops (Hardware and Software) 
 Hardware, Software Installation and Troubleshooting 
Skill Used: Hardware and Networking Troubleshoot Knowledge, Basic System assembling and operating system loading and Troubleshooting 
 
Personal Strengths: 
 
Ability to manage several assignments simultaneously, meet deadlines. Flexible in learning and can convince others easily. I'm reliable, conscientious to employee who can handle direct and indirect supervision.","Chennai, Tamil Nadu","PSN ENGINEERING COLLEGE Tirunelveli, Tamil Nadu && GOVT. HR. SEC. SCHOOL Kalakkadu, Tamil Nadu && K.A.M.P. MEERANIA HR. SEC. SCHOOL Kalakkadu, Tamil Nadu",June 2008 to June 2012 && 2007 to 2008 && 2005 to 2006,B.E in Electronics Communication Engineering && HSC && SSLC,"Desire a challenging career in a professionally managed, progressive concern in the field of Information Systems to utilize my quality driven professional ethic, result oriented personality, creative problem solving skills while exploring growth opportunity in the Industries."
9,Configure && None,"deploy, maintain, troubleshoot and support computer workstations, laptops, printers, mobile devices, phones and other computer. 
 PC Maintenance & Troubleshooting Diagnose and resolve computer problems and requests from users in a timely manner. 
 Remotely support end users in the field. 
 Providing Technical Support for around 200+ User on day- to- day Desktop/Laptop/Printer/Mails problems. 
 Microsoft Outlook (2010, 13 and 16) installation & configuration and basic troubleshooting. 
 Basic Knowledge of AD, and Working with SEP (Anti-virus) Clint. 
 Working on Ticketing Tool (Crisil Service Manager) for rising and resolving tickets. 
 
Working with Clearpath Technology Pvt. Ltd. (SEO & Marketing Based Company) && Installation and maintenance & troubleshooting of Desktop Laptop Hardware & Software. 
 PC Maintenance & Troubleshooting. 
 Operating System:-Windows- XP/7/8/8.1/10 2003 also knowledge 2003 and 2008 Server. 
 Providing IT infrastructure support and troubleshooting. 
 Installation and Configuration of Windows XP & 7 based PC's. 
 Evaluating the Network Issues. 
 Solving the Technical Issues of the Employees. 
 Providing Technical Support for around 75+User. Desktop./Laptop/Printer/Mails problems. 
 Microsoft Outlook (2003 and 2007) installation & configuration. 
 Installation, configuration and maintenance of local and network printers. 
 Resolve network related issues like Check network connectivity, File and Folder sharing, Printer Sharing.",Technical Support Executive (Desktop Support Executive) && Hardware Executive,December 2015 to Present && May 2014 to November 2015,Microsoft Outlook (2 years),"Additional Information
 Ambitious 
 Always think Positive 
 Good in team work 
 Capable of working long hours without physical stress. 
 
GENERIC SKILLS 
 Showing sincerity towards the job to finish in time. 
 Positive attitude & will power. 
 Handle multiple assignments under pressure. 
 Team Work 
 Good Communication with Seniors & Colleagues 
 
PERSONAL DOSSIER 
Father's Name: Mr. Mahavir Prasad 
 
Language Known: English & Hindi 
 
( RAVI KUMAR) 
Date: - 
 
Place: -","Gurgaon, Haryana","Delhi University Delhi, Delhi && SMU University",2015 && September 2016,B.A && None,To work with full dedication and use my knowledge and technical skills in the best possible way to achieve the organizations goals and excel in the profession.
11,"eCentric Solutions Pvt Ltd. - Hyderabad, Andhra Pradesh && HCL Services Ltd (A subsidiary of HCL INFOSYSTEMS LTD.) - Mumbai, Maharashtra && SINAI Computers - Mumbai, Maharashtra","Job Responsibility:- 
 
1. Currently deployed at MXC INDIA LTD. of WIPRO,MUMBAI client as DL2 engineer from Oct-2016 Onwards. 
2. Outperformed peers by maintaining outstanding record of technical support service, resolving 95% of all trouble tickets without escalation to Manager. 
3. Creations of new users and their policies, maintaining AD & DNS entries. 
4. Substantially increased security and performance of systems by initiating installation of new anti-virus software and critical operating system updates. 
5. Mailing elevated cases to reporting manager & keep updated to respective heads. 
6. Installation of all Operating System, software's & utilities. && Job Responsibility:- 
 
1. Worked at EDELWEISS AGRI VALUE CHAIN LTD client as Senior Associate from Apr-2015 to Aug-2016. 
2. Outperformed peers by maintaining outstanding record of technical support service, resolving 95% of all trouble tickets without escalation to Manager. 
3. Substantially increased security and performance of systems by initiating installation of new anti-virus software and critical operating system updates. 
4. Company systems and applications, providing ongoing support. Installed all applications and coordinated all hardware / software upgrades. 
5. Mailing elevated cases to HCL & keep updated to respective heads. 
6. Installation of all Operating System, software's & utilities. && Job Responsibility:- 
 
1. Worked at Govt. client AUDIT BHAVAN from Sept-2013 to Apr-2015. 
2. Installation of all Operating System, software's & utilities.Also troubleshooting printer and scanner related issues. 
3. Substantially increased security and performance of systems by initiating installation of new anti-virus software and critical operating system updates. 
4. Maintaining asset inventory and keeps up to date track of new asset allocation to users. 
5. Outperformed peers by maintaining outstanding record of technical support service, resolving 95% of all trouble tickets without escalation to Manager.",Desktop Support Engineer && Associate && Hardware Engineer,October 2016 to Present && April 2015 to August 2016 && September 2013 to April 2015,System Administration (3 years),None,"Mumbai, Maharashtra","Govt.Polytechnic Mumbai, Maharashtra && Chetana College Mumbai, Maharashtra",June 2013 && February 2008,Diploma && H.S.C.,None
12,"kochar info tech pvt ltd - Kolkata, West Bengal","1.Kochar Info Tech Pvt Ltd. 
 
Presently I am working with Kochar InfoTech Pvt. Ltd at Kolkata for more than 5.5 years as Desktop Support Support Engineer 
Experience work with client like Reliance, Naaptol, Vodafone, Aircel, Airtel, Idea, Avaya, Dristi, Techinfo. 
 
Responsibilities: 
 Maintained client support for existing hardware. 
 Performed operating system installation, configuration, verification and testing. 
 Maintain Access Control Systems, Biometric system 
 Performed routine system management tasks, operating system upgrades and tests, etc., of Windows 98 ~ Windows 7, Linux and other operating systems. 
 Maintain CCTV, all type sensor DVR etc. 
 OS installation:- Win XP, Win Server 2003, 2008, Win Vista, Windows 7. 
 Assembling, hardware up gradation troubleshooting, 
 Windows maintenance, dual booting, upgrade & update the windows 
 MS outlook configuration, Outlook backup & restore and troubleshooting 
 -Disk Management, partitions 
 -Printer installation and troubleshooting 
 -Antivirus update & virus protection 
 -Scanner configuration & troubleshooting. 
 -Troubleshooting of hardware and O/S 
 -Basic Networking, Map drive, Data sharing 
 -TCP/IP Configuration, Internet Maintenance 
 -Data Cards configure and troubleshooting 
 -Remote desktop and Remote assistance 
 -Wireless Networking, Networking in Domain environment 
 -VNC Configuration and team viewer configuration. 
 -User Profiles Backup and Restore. 
 -Sharing folder, sharing device & Printer. 
 AD Server maintain and user management.",Desktop Support Engineer,March 2011 to Present,all desktop support along L1 network support (5 years),"Additional Information
Technical Qualification 
 
 Computer Hardware Technical and Networking. 
 Diploma in Computer Application in Hanschara MD High School. 
 
Networking Support Skills 
 
Basic Networking, Map drive, Data sharing. 
TCP/IP Configuration, Smooth running internet, Maintenance. 
Networking in Domain environment, & troubleshooting. 
Hardware Installation, Maintenance & trouble shooting. 
Cabling and LAN troubleshooting.","Medinipur, West Bengal","IIHE Kolkata, West Bengal",January 2008 to July 2009,"hardware & networking along with A+, N+ in computer engeneering"," Having experience with Vendor Reliance, Airtel, Idea, Aircel, MTS, Avaya, Dristi Dialler, Techinfo. 
 Manage Domain environment for two sites through remote support (Team Viewer, VNC) 
 -Manage shared folder and devices through permission 
 -Mail Clients configuration backup &Troubleshooting (MS Outlook, MS Exchange, Outlook Express) 
 -Data Backup of all users, 
 -Local and Network Printer configuration, troubleshooting. 
 -Internet & LAN configuration, troubleshooting 
 -Software troubleshooting update and patch installation 
 -Manage Antivirus (Symantec, ) 
 -Issue H/W, S/W and accessories to users. 
 -Inventory management. 
 An effective communicator with technical skills & ability to relate to people at all levels."
13,"Seven Years - Kolkata, West Bengal","Kolkata Regional Office] 
4C Lansdowne Place, Kolkata- 700029, West Bengal, India 
Designation: Sr. Executive-IT Operations [Desktop & Networking Support] 
 
Company Profile: * A 36 years old professionally managed company 
* Over 120 branches across India. 
* Serving over 5 lacs investor families & 2 lacs demat account holders. 
* Category 1 registrar & STA approved by SEBI. 
* Depository Participant through NSDL. 
* Over 2500 trained staff members. 
 
Responsibilities: * Responsible for installation, troubleshooting and maintenance of systems, software and networking configuration of entire eastern region. 
* Responsible for instant support in any critical situation & daily reporting of system updation to system manager. 
* Managing system assets & audit of entire eastern region & managing demat back office & transaction. 
* Coordination among various hardware, software & networking vendors like HP, TVS electronics, canon, Eaton-Power ware (UPS), VSAT (Tata Net), BSNL, Tata indicom to mobilize effective services. 
* Responsible for Depository Participation and Etds (SAM SOFTWARE) handling. 
 
Professional Achievements & Project Handled: 
 Was a team member and responsible of total system installation (including power distribution inside & outside UPS and LAN cabling) at our Dhanbad branch office. 
 Was a team member and responsible for as VSAT & ISDN installation our Saltlake branch office. 
 Was a team member and responsible for as total diagram, drawing & networking configuration (single user to multi user) & system software installation our Jamshedpur branch office for the period of one month. 
 At present handling remote desktop configuration and control same and other network in entire eastern region, which is running smoothly. 
 Periodic visit to branch office for systems problem and modification as & when required. 
 
Present salary: 12000/- Rs, and T.A. (total 13500/- per month)",Sr. Executive-IT Operations [Desktop & Networking Support],May 2006 to May 2006,"IT & desktop support,Software Installation & Networking configuration (10+ years)","Additional Information
OTHER TECHNICAL SKILLS: 
Networking: LAN/WAN, TCP/IP, Proxy Server & DNS. Remote Desktop. 
Technical Support: Hardware, Software troubleshooting Desktop & Server. 
Operating system: Windows [...] DOS/Linux. 
Packages: MS Office 2000, 2003, 2008 and Star Office or Open Office 
 
INTERPERSONAL SKILLS: 
Team Player, Comfortable On PC, Clear Conceptual & Strategic Thinking Skill, Focused On Personal & Professional Vision, Good Responsible & Hard Working.","Howrah, West Bengal","Saroj Mohan Institute of Technology Mohan, Uttar Pradesh && Sasati Nahala Abinash Khanthaldha High School Howrah, West Bengal && Board of Secondary Education Howrah, West Bengal",2005 && 2002 && 1998,Diploma in Engineering && Education && None,"A mind for technology and an attitude for winning, to build a career of fame in technical & engineering by merging practical experience and technical knowledge. 
Flexibility, ability to work hard and perseverance with 100% devotion, I can adopt my self in every situation. 
 
FIELD OF INTEREST: 
SERVER & NETWORKING CONFIGURATION"
14,"Yes bank and Kotak Mahindra bank and MLIC && ABG, NIB and WCC - Bangalore, Karnataka && Wipro Technologies customer - IS","Project Description: 
End User Automation practice aims to authorize the business to reduce the Incidents to the Technical Support Team as well as reduce the Response & Resolution time in order to provide operational efficiencies to the business. EUA allows organizations to proactively identify and resolve problems before they impact Business Operations at the customer site. 
My Support Manager (MSM) and Desktop Matrix (D-Matrix) is a Client Server architecture model which is installed in User's PCs, which help the user to keep the System Hygiene for the critical technical issues to browser, Operating System, Antivirus, Mail Client Configuration, Printer Installation or Software Installation Preventive Maintenance Toolkit (PM Toolkit) is a Web application which helps Desktops and Laptops with Self-Healing Capabilities. The objective of this tool is to reduce the Incident to the Service desk & increase the Desktop/Laptop Performance using proactive PC Health check-up. 
 
Roles and Responsibilities: 
 Checking all application related IIS and DB issues and resolving with in SLA. 
 Providing post implementation support, handling escalations and doing feasibility study analysis. 
 Good experience in debugging performance issues using SQL Profiler' 
 Debugging IIS Web Server connection problems and Database connectivity problems. 
 Good experience in analyzing Applications logs, System logs, Security logs by using Event Viewer 
 Verifying the validation of certifications for related windows application. 
 Moving content and configuration changes from UAT Environment to production 
 Executed and performed Product support and installation documentation. 
 Creating a Knowledge base a for all known problems & train the L1 level engineers 
 Involved in creating views, DB Creation and writing SQL queries 
 Configure and Manage FTP site in client server 
 Creating Virtual Directories and set the permission for folders as per Authentication rules. 
 Act as the point of escalation for Systems Administrators (Systems Operators) and assist them as per requirement. 
 Preparing documents for known and unknown application related IIS issues. 
 Checking all application related issues and resolving with in SLA. 
 Experience in coordinating with Development team, project management team to resolve issues faster 
 To suggest client about the pre-requisites on the application upgrade and Configuration changes on IIS. 
 Good knowledge in migrating web applications from IIS 7.0 to IIS 7.5 
 Configured application pool properties and assigned them to various web applications. 
 Changing port and IIS features in Existing website as per change requirement && Project Description: 
Wipro E-Helpline is a solution catering to the requirements of running the standard service desk operations smoothly. The tool facilitates users to log calls for any incidents/ problems/ changes/ service requests occurring in the IT environment, and helps the organizations to monitor the life cycle of the service desk operations. Wipro E-Helplineis aligned with all the key processes of ITIL. The tool also has feature of the tool is an online survey of the customer satisfaction and record the same through the CSAT Module. 
 
Roles and Responsibilities: 
 Understanding the application 
 Proficient in Test Execution, analyzing the result and proficient in Bug Reporting and Bug tracking 
 Testing of applications for performance, data integrity and validation issues 
 Performed Compatibility testing in various environment for different software version 
 Performed testing on the end to end scenarios or the application 
 Experience in understanding and updating review comments and Experience in peer review of Test case document 
 Generating reports as per the client requirement and Sending day to day project report to test lead and manager 
 Testing and implementing the configuration part for various customer in the application. 
 Performed the level of testing like module and system testing. 
 Configure as per customer requirement in application and perform the UAT testing. 
 Experience in logging defects using Defect tracking tool (E-helpline) and Formulated product defect, status and test reports. 
 Experience in Preparing RTM to ensure test case coverage for all requirements 
 Experience in analyzing functional requirements and translate them to test cases. 
 Executed the test cases as per schedule, bug detecting and updating the status 
 Reviewed test cases for peers and given valuable comments about test case coverage and functionality. 
 Active participation in Defect Report Meeting periodically and Participated in Retrospect meeting. 
 Experience in Backend Testing using MS SQL Server and using SQL statements for data validations. 
 Participated in regular KT sessions for different modules and Involved in Stand Up meetings and Co-coordinating in CAB discussion 
 Taking Backup of Database using Full Backup when required and to fetch the data using SQL queries when customer required. 
 Creating Jobs to automate repetitive tasks and test the job in UAT setup when required for applications. 
 Verifying all instances are up and running, and Tested database accurately whenever required. 
 Implement and maintain database security by creating the Users, Roles and assign privileges as per business policies. 
 Extensively performed Manual Testing process to ensure the quality of Web Applications software 
 Creating and maintaining various databases for Production, Development and Testing using SQL Server 
 Versioning of the Requirements' changes, UAT Trackers and Other project documents with proper Versioning in Visual Source Safe (VSS) && IS 
 
Project Description: 
Digital Fuel is a portal used by Wipro program managers and higher level management as well as customers in order to maintain transparency of SLA achieved by different projects at Wipro. As a VMware partner, Digital Fuel offers a powerful solution for IT departments to manage SLAs of virtual and cloud environments. 
 
Roles and Responsibilities: 
 Before implementing the application to check the pre-requisitions in server 
 Customized the application for customer requirement and Implementing the application in client server. 
 To check the application is running in client environment. 
 After implementing the application in Client to do the manual testing. 
 Doing the application related activities in server for maintaining the application. 
 Troubleshooting the issues in the application related coding. 
 Making changes via SQL queries if necessary for application. 
 Space usage monitoring in database and server level using Unix. 
 Login ID creations and assigning roles. 
 Providing support to the Application developers on the application databases. 
 Experience with monitoring and troubleshooting database and Application related issues and Creating Jobs to automate repetitive tasks when required for applications. 
 Checking the performance of application through server 
 Developed various database configuration and database protection techniques.","My Support Manager (MSM) and Desktop Matrix (D-Matrix) && Project Engineer && VMware partner, Digital Fuel offers",September 2012 to September 2014 && December 2010 to August 2012 && September 2009 to October 2010,"iis, sql sever, manual Testing (5 years)","Additional Information
Technical Skills 
Programming Languages: HTML 
 
Operating Systems: Windows 2008 and 2012 Server, WinXP and Win7 
Databases: SQL server 
Web Servers: IIS","Bangalore, Karnataka",Bharathidhasan University,None,Master in Computer Applications," Expertise in manual testing for both Web and Client-Server applications 
 Good experience in the administration of IIS 7, 7.5, 8.0 (installation, configuration, monitoring, upgrade and migration) with troubleshooting skills. 
 Configure and Manage IIS and host the application in client server 
 Troubleshooting .NET applications and IIS Migration, Backup and Recovery 
 Configure and Managing of SSL certificates. 
 Good experience in working with App Pools, Virtual Directory, Worker Process, deploying SSL certificates, Access Control, Authentication 
 Good working knowledge on migration tools like Web deploy (MS deploy) 
 Good experience in Managing web farms, Modules, Extensions Troubleshooting skills Logs Analysis, Failed Request Tracing, Performance Tuning and Monitoring of Websites. 
 Good in identifying Test scenarios and writing Test cases by applying Test case Design Techniques 
 Well acquainted with Software Testing Life Cycle (STLC) and Bug Life Cycle with experience in writing & executing test cases and test scenarios. 
 Strong knowledge of Software Development Life Cycle (SDLC) and Agile methodologies 
 Performed Smoke Testing, Component Testing, Integration Testing, System Testing, Regression Testing, Compatibility Testing and Adhoc Testing 
 Strong knowledge in SQL queries. 
 Ability to learn new technologies and tools quickly 
 
Having 5 years of total experience in Wipro Limited 
2+ years on Manual Testing& DB Testing and 2 + years on IIS"
34,"IndiGo (INTERGLOBE ENTERPRISES) - Gurgaon, Haryana && Patch/Update Management","Role: 
The System Administrator provides day-to-day hands on support to the organization's server and end user systems including laptops, desktops, mobile devices and applications. This position interfaces mainly with internal employees and departments with some interaction with external clients. Common tasks include troubleshooting user desktop issues, building and configuring new PC's, performing various updates. Providing remote support for Airport offices. Other areas of responsibility are LAN support, break/fix, software/hardware upgrades, patch management, antivirus management, image management, application installs, user support and training, etc. && * Laptop/desktop Deployments and Break/Fix/Troubleshooting (Windows and Macs) 
* Printer / Fax Deployments and Break/Fix 
* Hardware/Software installs and upgrades 
* Patch/Update Management 
* User Support and Training 
* Manage IT Department documentation. 
* Complaint and Escalation handling. 
* Basic LAN Support 
* Active Directory support. 
* iPhone/ wireless device deployment and support. 
* Microsoft Windows Application & Office Application Support. 
* Remote user Support, VPN access Support (Windows & CISCO) 
* Desktop Security (Websense, Safeboot), AntiVirus Management and Support 
* Coordinate with multiple vendors regarding hardware service and replacement. 
* Collaborated effectively with project, product and program managers to ensure project deliverables remained on track and aligned with business goals and expectations",Desktop Engineer L1 && AntiVirus Management and Support,October 2015 to Present && None,MS outlook (1 year),"Additional Information
KEY SKILLS 
 
* A highly developed level of customer service, complaint and escalation handling. 
* Knowledge Site-to Site and remote access VPN. 
* Project handling and new initiatives. 
* Flexible and able to adapt to changing environments. 
* Willingness to learn and quick grasping power.","Delhi, Delhi",Sikkim Manipal University,2014,BSc,"IT professional & IT Administration knowledge offering 2+ years of expertise in executing challenging assignments across a wide array of functional areas covering system integration & management solutions, system/functional and integration testing."
37,"Mac Clinic Media Sloutions Pvt. Ltd - Delhi, Delhi && Mudra IT And Power - Delhi, Delhi","Place: Delhi 
 
1. Project Name: Mac Clinic Media Sloutions Pvt. Ltd. 
Technology: Microsoft Windows & Apple Mac. 
Role: Desktop & Mac Support Engineer. 
Key Activities: 
 Responsible for planning, maintaining and supporting IT Infrastructure. 
 Troubleshooting and replacing the PC Spare & Mac. 
 Identifying LAN faults and resolving the same. 
 Installation, configuration and Troubleshooting of MS Outlook, Outlook Express. 
 Installation of Software Applications & Operating System like Windows & Mac. 
2000/XP/VISTA/7 & Mac Os according to the Project requirement. 
 Installation and configuration of Printers both local and Network. 
 Hardware troubleshooting for HP Laptops and Desktops and Dell computers & Mac. 
 Microsoft Windows Software Update Services. && Place: Delhi",Desktop & Mac Support Engineer && Customer Support Engineer,None && None,Hardware Networking (4 years),"Additional Information
COMPUTER SKILLS 
 
Client: Windows (XP, Vista, Win 7, Win 8, 10) 
Applications: MS Office (2000, XP, 2003, 2007, 2010) 
(Word, Excel, PowerPoint, Outlook), Lotus Notes, 
Internet, Antivirus, Firewall, Color Drow, Photoshop, 
Tally 9, ERP, Typing (English & Hindi) etc. 
 
TECHNICAL QUALIFICATION 
 
Diploma in Computer Hardware & Networking from J.T.C Technical Education Centre 
Yamuna Vihar, Delhi in the year 2009 ( Duration: 1 Year) 
Basic Computer Corse in Computer software 
Yamuna Vihar, Delhi in the year 2010 ( Duration: 3 Months) 
 
Module 
 Certificate in Basic Electronics, Computer Hardware & Office 
 Certificate in Client Operating System Support & Networking Fundamentals 
 Certified Desktop Administrator 
 Certificate in Network Administration 
 
TECHNICAL KNOWLEDGE 
 
 Assembling of PC's 
 Installation & Troubleshooting of Software's & Hardware Devices PC's & Mac 
 Installation & Troubleshooting of Operating System 
 Configuration of Domain & Workgroup 
 Installation & Configuration of Router, Switch, Modem 
 Installation & Configuration of Wireless Access Point, Bluetooth. 
 Mac Os Installation & Troubleshooting","Delhi, Delhi","Bihar Board Bihar Sharif, Bihar && Bihar Board Bihar Sharif, Bihar",None && None,12th && None," 4 years of IT experience as a Desktop Admin and Wintel Support Engineer 
and responsible for manage and support Desktops, Laptops & Active Directory, 
Server Administration and Server Hardware maintainance. 
 Creating New Users, Groups & granting appropriate rights and permissions. 
 Hardworking and willing to take on new responsibilities and respond to it. 
 To perform changes, We Schedule Planned Downtime for Business units and providing them the outage information of service due to hardware replacement or Reboot of Server 
 Installation & Troubleshooting of Software's & Hardware Devices PC's & Mac"
40,"HCL Services Ltd - Chennai, Tamil Nadu && WIPRO PROJECT && NIIT - Chennai, Tamil Nadu","3) Currently working at HCL SERVICE LIMITED as a destination desktop Engineer APR - 2015 to up to day. 
Desktop Support Engineer from: Rolls and Responsibility 
 Windows server 2003, 2008 r2, 2012, r2, Desktop operating system 7, 8.1, 10 Installation and troubleshooting, maintenance, updating software and hardware 
 MS outlook, 2003, 2007, 2010, IBM lotus note, thunderbird mail, configuration 
 Outlook backup & restore and troubleshooting, maintenance 
 Network Printer installation and troubleshooting. Share printer access, file sharing 
 Monitor ticketing system for new tickets and work-items. Update existing tickets. 
 Maintain hardware inventory control in ticketing system. 
 Security Management, Data recovery management 
 TCP/IP Configuration, Internet Maintenance, Networking in Domain environment 
Overall Job Responsibility 
* Active Directory: Managing OU and groups, Group policy, Replication, Sites and subnet, FSMO roles handling, Managing child and additional domain controller, Trust relation, RODC configuration., AD Maintenance, troubleshooting 
* Backup Management: Configuring and Troubleshooting different backup types, managing back devices, scheduling backup, Windows configurations backup, Windows backup feature and NT backup, User Profiles Backup and Restore. 
* Software RAID configuration and Troubleshooting, Windows Server configuration 
* DHCP and DNS Configuration and Troubleshooting, IIS and FTP server configuration, 
* Clustering in windows NLB and Failover, Hyper-V Virtualization 
* NTFS and Network share permission, Terminal server Configuration 
* Power Shell V 4.0, Server core installation and Administration 
* Customize OS image development and Operating system scripting. && 2012 Windows software Firewall, VPN configure 
* Managing Symantec Endpoint Protection Manager -12.1.6 
CERTIFICATION AND HONORS: 
 Completed my CCNA (Cisco certified network associate) only course NIIT in Chennai from 2014. 
 Hardware Assembling and Troubleshooting training, Care it solution pvt ltd, Chennai 
From 2015. && None",Desktop Support Engineer && Destination Desktop Support L-2 Engineer && System Centre Configuration Manager,February 2017 to Present && January 2015 to March 2015 && 2012 to 2012," Windows server 2003,2008 r2,2012,r2, Desktop operating system 7,8.1,10 Installation and troubleshooting ,maintenance ,updating software and hardware  MS outlook , 2003,2007,2010, lotus note , thunderbird mail ,configuration  Outlook backup & restore and troubleshooting, maintenance  Network Printer installation and troubleshooting. Share printer access, file sharing  Monitor ticketing system for new tickets and work-items. Update existing tickets.  Maintain hardware inventory control in ticketing system.  Security Management, Data recovery management  TCP/IP Configuration, Internet Maintenance, Networking in Domain environment (4 years),  Active Directory: Managing OU and groups, Group policy, Replication, Sites and subnet, FSMO roles handling, Managing child and additional domain controller, Trust relation, RODC configuration., AD Maintenance, troubleshooting  Backup Management: Configuring and Troubleshooting different backup types, managing back devices, scheduling backup, Windows configurations backup, Windows backup feature and NT backup, User Profiles Backup and Restore.  Software RAID configuration and Troubleshooting, Windows Server configuration  DHCP and DNS Configuration and Troubleshooting ,IIS and FTP server configuration,  Clustering in windows NLB and Failover ,Hyper-V Virtualization  NTFS and Network share permission , Terminal server Configuration  Power Shell V 4.0, Server core installation and Administration (2 years)",None,"Krishnagiri, Tamil Nadu",Pandian Polytechnic college,None,Diploma in Thirupathur,"Intend to build a career with leading corporate of hi-tech environment with committed and dedicated people, which will help me to explore myself fully and realize my potential. Will to work as Key Player in Challenging and creative environment."
43,"Heritage Foods Limited. - Ongole, Andhra Pradesh && Engenius Consultancy Services - Hyderabad, Andhra Pradesh && Vigilm Life Style Pvt Ltd - Bangalore, Karnataka && TATA consultancy Services Limited","Reporting To IT HEAD 
 
Roles and Responsibilities: 
 Installing of all company applications like HIMPS, MS OFFICE, WINZIP, and ADOBE etc. 
 Giving support to 27 heritage plants (remote locations) 
 Coordinate and manage relationships with vendors and support staff that provide hardware / software / network problem resolution. 
 Trouble shooting of hardware issues. 
 Installing, configuring & managing the Operating systems such as Windows starter edition/XP. 
 Installation of various software's 
 Configuring & Managing outlook clients 2003 & 2007. 
 Updating day to day activities in database. 
 Allocating new assets and updating the same in records. 
 Coordinating with vendors if any hardware issues found and logging the complaints. 
 Troubleshooting the network issues && Worked as a Desktop Support Engineer for Vigilm Life Style Pvt Ltd, Bangalore from Dec 2013 to Dec 2014 
 Worked as a Systems Engineer for Tata consultancy Services Limited from Oct 2011 to Oct 2013 
 
Origination Engenius Consultancy Services 
Duration Jan 2015 to till date 
Designation Desktop Support Engineer 
Reporting To Manager 
 
Roles and Responsibilities: 
 Analysis and resolution of user desktop issues via remote support toolsets. 
 Creating users, groups, computers, organization units in active directory 
 Good knowledge of installing and configuring DNS & DHCP servers 
 Good troubleshooting knowledge on active directory DNS, DHCP and Event logs 
 Strong knowledge in Active directory concepts like OU, Sites and GPO 
 Knowledge of planning, implementing FSMO roles 
 Administrating and restricting user accounts using profiles permissions 
 Creating domain users and implementation of group policies 
 Knowledge in Ticketing tool, Managing & Tracking tickets with SLA priority basis 
 Knowledge file and print servers, Application servers 
 Complete knowledge on backup procedures, which includes full backup, incremental backup and differential backup 
 Creating templates and deploying Virtual Machines through templates 
 Monitoring and managing performance of ESX servers and Virtual Machines 
 Creation of templates from VMs and Creation of VMs from templates 
 Troubleshooting ESX & Virtual Machines 
 Managing Virtual center permissions 
 Knowledge on VMware cluster with HA and DRS 
 Creating and Managing resource pools for Virtual Machines 
 Users and group management using windows server 2008/2003 Active directory services 
 24/7 On-call support && Responsibilities: 
 Given Desktop support for 500+ systems 
 Coordinate and manage relationships with vendors and support staff that provide hardware / software / network problem resolution. 
 Trouble shooting of hardware issues. 
 Installing, configuring & managing the Operating systems such as Windows starter edition/XP. 
 Installation of various software's 
 Configuring & Managing outlook clients 2003 & 2007. 
 Managing installation of Various Applications like CRM, POS, BRS etc 
 Assigning IP's manually & automatically in systems & laptops. 
 Adding systems & laptops in domain. 
 Installing, configuring & troubleshooting of all brands of printers such as local printers, network printers. 
 Managing installation and configuration of Add-on cards such as Scanners, Modems etc. 
 Managing installation, configuration and Trouble shooting of IP Cameras. 
 Creating & managing user accounts and giving the required privileges for users on Work Group systems. 
 Sometimes inspecting sites & installing new machines with the required basic applications and connecting them into the Domain. 
 Trouble shooting network issues. 
 Troubleshooting & resolving the concerns of leased line circuits by coordinating with the respective telecom companies. 
 Generating Call reports for Daily, Weekly and Monthly. 
 Updating daily asset details in Asset Management System && Responsibilities: 
 Installation all required software, PC Hardware and LAN troubleshooting of client PCs 
 Assembling and troubleshooting of desktops/laptops 
 Providing remote support through net meeting and on call support for the onsite users 
 Installation of Antivirus and updating of Virus definition files on all the PCs. 
 Installation, maintenance and troubleshooting servers & workstations on Client sites. 
 Network cabling and maintenance of Client site. 
 Installing and troubleshooting the problems like Network and local printers 
 Installing trouble shooting all operating systems 
 Installing and configuring wireless routers and switches 
 Troubleshooting desktop connectivity, cabling, switches, routers & including structured cabling, racks, patch panel & RJ 45 cable management 
 Responsible to install, set up, maintain network and also configure the peripherals, cabling and equipments accordingly as per the requirement. 
 Responsible to monitor whether all the components are available for successful communication. 
 Responsible for maintaining the Backup network, hardware, software, files on a regular basis accordingly as per the company policies. 
 Timely analyze whether any repairs or replacements is needed. 
 Responsible for troubleshoot Microsoft windows issues. 
 Responsible for configuring & troubleshooting Microsoft outlook accounts. 
 Responsible for creating new Microsoft outlook accounts for new users. 
 Responsible for the installation of software's like antivirus, MS-office, adobe & acrobat reader etc. 
 Responsible for maintaining the network & troubleshooting the network related issues. 
 Responsible for troubleshooting Internet issues 
 Configuring, maintaining and troubleshooting of desktops/ laptops, printers and scanners, wireless data cards 
 Vendor coordination and handling vendor related issues",Desktop Support Engineer && Desktop Support Engineer && Desktop Support Engineer && Desktop Support Engineer,August 2016 to Present && January 2015 to Present && December 2013 to December 2014 && October 2011 to October 2013,MCSE (5 years),"Additional Information
TECHNICAL SKILLS 
 VMware Server virtualization: VSphere ESXI 5.x /5.5 
 Server Operating system: Microsoft windows server [...] 
 Mail Server: MS Exchange [...] Server 
 Network: DHCP, DNS, FTP, TCP/IP, SMTP, POP3. HTTP 
 Client Operating System: Microsoft Windows 7 / Win8","Visakhapatnam, Andhra Pradesh","JNTU HYDERABAD Hyderabad, Andhra Pradesh",June 2007 to May 2010,BTECH in INFORMATION TECHNOLOGY,"Possessing around 4 years of experience in the field of Information Technology as a System Engineer 
Where Planning, Implementation, Administration and troubleshooting are involved with multiple platforms 
Of OS viz., Microsoft Windows XP, 2003, Windows 2007 & 2008, Linux, Windows 2008 and Windows 
2012 Servers"
0,"HSBC-Offshore Desktop Support - Hyderabad, Andhra Pradesh && HSBC Bank Electronic Data Processing India Ltd - Hyderabad, Andhra Pradesh && Avaya - Kolkata, West Bengal && Iyogi Technical Services - Kolkata, West Bengal && Hewlett-Packard and Talk - Kolkata, West Bengal","Hyderabad. 
 
Roles and Responsibilities: 
 Dealing with IT Issues at UK HSBC Head Office, Commercial centers, Retail Branch and HSBC Global Service Centers, addressing their concern promptly and immediately. 
 Incident Management. Handling and updating tickets, Constantly monitoring the Queue for new Incident, generating the Daily/Weekly/Monthly reports and tracking the incident rate and volume. 
 Install, upgrade, support and troubleshoot Enterprise Applications running on Microsoft Terminal Services 
 Hardware and Software support for Laptops, Desktops, Telephony devices. 
 Configuring user profile on the Cisco IP Communicator. 
 User Profile Management, Manage users Active Directory profile and groups. 
 Access management, Troubleshoot users AD Profile related issues and reset password. 
 Resolving Application-Software issues and Diagnosing hardware issues on Microsoft Windows Enterprise Laptops and Desktops. 
 Performing/Monitoring Backup and Restore of data from the network Share. 
 Remotely fixing Slow Performance issues on Laptop and desktops. 
 Advanced Internet Troubleshooting, Remotely configuring and troubleshooting Network issues on Laptops and Desktops. 
 Customize desktop hardware to meet user specifications and site standards. 
 Returning defective equipment/parts to maintenance inventory, documents customer repairs, maintains and restocks assigned parts inventory to insure proper spare parts levels. 
 Remotely Troubleshoot Black screen/Blue screen, Jumping cursor and no Boot issues. 
 HP Secure Printing, Printer configuration and troubleshooting, Manage user profile on HP Secure Printing environment. 
 Install, upgrade, support and troubleshoot for printers, computer hardware and any other authorized peripheral equipment 
 Requesting and coordinating vendor support. 
 Analyze/Troubleshoot and Escalate technical faults to the relevant application support and do regular follow ups on the issues and to confirm fault resolution within SLA. 
 Lotus notes, have basic knowledge on lotus notes email setup. && IT Infrastructure Management 
Offshore Desktop Support - Hyderabad, Andhra Pradesh 
October 2014 to Present 
Hyderabad. Roles and Responsibilities:  Dealing with IT Issues at UK HSBC Head Office, Commercial centers, Retail Branch and HSBC Global Service Centers, addressing their concern promptly and immediately.  Incident Management. Handling and updating tickets, Constantly monitoring the Queue for new Incident, generating the Daily/Weekly/Monthly reports and tracking the incident rate and volume.  Install, upgrade, support and troubleshoot Enterprise Applications running on Microsoft Terminal Services  Hardware and Software support for Laptops, Desktops, Telephony devices.  Configuring user profile on the Cisco IP Communicator.  User Profile Management, Manage users Active Directory profile and groups.  Access management, Troubleshoot users AD Profile related issues and reset password.  Resolving Application-Software issues and Diagnosing hardware issues on Microsoft Windows Enterprise Laptops and Desktops.  Performing/Monitoring Backup and Restore of data from the network Share.  Remotely fixing Slow Performance issues on Laptop and desktops.  Advanced Internet Troubleshooting, Remotely configuring and troubleshooting Network issues on Laptops and Desktops.  Customize desktop hardware to meet user specifications and site standards.  Returning defective equipment/parts to maintenance inventory, documents customer repairs, maintains and restocks assigned parts inventory to insure proper spare parts levels.  Remotely Troubleshoot Black screen/Blue screen, Jumping cursor and no Boot issues.  HP Secure Printing, Printer configuration and troubleshooting, Manage user profile on HP Secure Printing environment.  Install, upgrade, support and troubleshoot for printers, computer hardware and any other authorized peripheral equipment  Requesting and coordinating vendor support.  Analyze/Troubleshoot and Escalate technical faults to the relevant application support and do regular follow ups on the issues and to confirm fault resolution within SLA.  Lotus notes, have basic knowledge on lotus notes email setup. && Kolkata. 
 
Roles and Responsibilities: 
 Issuing Asset Order Approval Forms for Avaya clients upon availability of funds under client accounts to the requestors like Order Managers and Central Order Desk of Avaya. 
 Managing Avaya clients funds availability upon asset requirement, Manage asset delivery and recovery. 
 Issuing Asset Order Approvals to global Avaya clients. && Kolkata. 
Roles and Responsibilities: 
 Providing Technical Support to US, UK, AUS customers. 
 Interacting with Global customers and addressing their concern promptly and immediately. 
 Independent Support services to all Brands laptops/desktops, peripherals. 
 Email Client Configuration and troubleshooting Outlook 2010/2013, Thunderbird, Windows Live mail, etc. 
 Support for Windows XP, Windows Vista, Windows 7, Windows 8. 
 Resolving Application-Software issues and Diagnosing hardware issues on Microsoft Windows Laptops and Desktops. 
 Performing System Recovery, Backup & Restore of data/Windows Operating system. 
 Remotely fixing Slow Performance & Virus/Trojan/Malware issues on the customers PC. 
 Advanced Internet / Router troubleshooting, Remotely configuring and troubleshooting Network issues in SOHO environment. 
 Remotely Troubleshoot Black screen/Blue screen, Jumping cursor, no Boot issues and Registry fixes. 
 Advanced Printer Troubleshooting, Printer configuration and troubleshooting in SOHO Environment. 
 Revenue generation, Up-selling household telephony equipments & Network devices, Antivirus Software's and other Microsoft products. && Kolkata. 
Roles and Responsibilities: 
 Providing Technical Support to Hewlett-Packard (US) customers. 
 Hardware and Software support for Hewlett-Packard Laptops. 
 Remotely fixing Slow Performance and Virus/Trojan/Malware issues on the customers Laptop. 
 Remotely Troubleshoot Black screen/Blue screen, Jumping cursor and no Boot issues. 
 Resolving Application-Software issues and Diagnosing hardware issues on Microsoft windows HP Laptop. 
 Performing System Recovery, Backup and Restore of data and Windows Operating system. 
 Providing Technical Support to Talk - Talk telecom (UK) customers, Talk - Talk ISP Router modem support. 
 Worked on Tools Viz. Opal Portal (TAM-Copper Line Fault/Exchange Fault/Circuit issues, Data port reset), Supportal (Metascript - loop faults, NGA Test - for Fiber line, network test - Radius & Authentication Issues), Cube Portal. 
 Revenue generation, Up-selling household telephony equipments & Network devices, Antivirus Software's and other Microsoft products. 
Technical and Professional Qualification 
 Knowledge on Windows Active Directory. 
 Knowledge on MS-Excel 2010 and 2013. 
 Knowledge on SharePoint Portal and services. 
 Knowledge on Corporate IT infrastructure. 
 Certified support engineer for Windows XP, Windows Vista, Windows 7 and Windows 8. 
 I-Yogi Trained Windows Expert. 
 Programming/Scripting knowledge on C, C++, JAVA, HTML, PHP, JavaScript, XML 
 PHP Certification: Done NIIT Certification Course of Developing Dynamic Web Application (Php & MySql), Done NIIT Certification of MySql for Developers. 
 MICROSOFT TOOLS: RichCopy, Microsoft Attack Surface Scanner, WinSCP, Disk2VDH & Speed Launcher.","IT Infrastructure Management -MCSA CERTIFIED, CCNA ROUTING & SWITCHING, LINUX ADMINISTRATOR TRAINED. && IT Analyst && Asset management && At Limtex infotech Ltd As Technical Support Specialist Level 2 && At Wipro Ltd. as Technical Support Executive",October 2014 to Present && October 2014 to Present && April 2014 to October 2014 && May 2012 to December 2013 && August 2011 to May 2012,"MCSA (1 year), CCNA, ROUTING AND SWITCHING (1 year), LINUX ADMINISTRATOR (1 year)",None,"Hyderabad, Andhra Pradesh","Sikkim Manipal University && Bhonsala Military College Pune, Maharashtra && Bhonsala Military College && Don Bosco School Nasik Nashik, Maharashtra",2012 && 2007 && 2005 && None,MCA && B.Sc.Computer Science && H.S.C && S.S.C in Web designing,"IT Infrastructure Management -MCSA CERTIFIED, CCNA ROUTING & SWITCHING, LINUX ADMINISTRATOR TRAINED. 
To obtain a position where I can maximize my experience in training, employee development, customer service, and operations management, directing a team towards its objective within the deadlines and thus achieving corporate goals."
2,"Crown Solutions India Pvt Ltd - Chennai, Tamil Nadu && Vihaan IT Solutions - Hyderabad, Andhra Pradesh","Worked in a project of Wipro Limited as a Desktop Support Engineer with Crown Hr Solutions Pvt., Ltd., Chennai from 22-12-2014 to 28-05-2016. 
 
ROLES & RESPONSIBILTIES: 
 Troubleshooting and installing Hardware components. 
 Installation of Operating Systems. 
 Taking care of Network problems. 
 Deploying softwares and keeping them updated. 
 Performing case analysis. 
 Solving customer queries rapidly. 
 Troubleshooting Printer issues. 
 Assisting customer with basic queries. 
 Gathering information for frequently reported issues. 
 Daily check-up of server. 
 Escalating issues to Support team. 
 Quick responding to customers. && None",Desktop Support Engineer && Desktop Support Engineer,December 2014 to May 2016 && April 2014 to October 2014,"Microsoft Office, OS installations, Updations and Upgradations, Suse Linux, Networking, System Administration, Desktop Support, Technical Support","Additional Information
TECHNICAL QUALIFICATION: 
 
 Completed JCHNE course from Jetking Infotrain Limited, Dilsukhnagar, Hyderabad, Telangana, India. 
 
TECHNICAL SKILLS: 
 
 Troubleshooting and installing Hardware components (Microprocessors, RAM, Hard Disk, ODD, Monitor) 
 Installing various types of Windows's Operating System, Managing Devices using Device Manager. 
 Well known with Ms-Office applications. 
 Configuring email clients. 
 Managing and creating several types of volumes using Disk Management. 
 Working with User Account's, configuring Network access and connect types of Network's. 
 Configuring Bit Locker Drive Encryption, configuring Offline Files. 
WINDOWS SERVER 2008: 
 Installing Windows Server 2008, Configuring Disk Quota, Creating Domain 
 Mapping Network Drive 
 Configuring DHCP, DNS, IIS, Terminal Services, Print Services, File Services 
 Certification Authority SSL, 
 Applying Group Policies, Windows backup and restore. 
NETWORK: 
 IP Addressing, IP Routing 
 Basic router configuration. 
 Access-list, NAT/PAT, V-LAN. 
 
KEY STRENGTHS: 
 
 Quick grasper. 
 Positive attitude. 
 Ability to work in group as well as independently with responsibility. 
 Hard working and self confidence.","Zahirabad, Andhra Pradesh","Osmania University Hyderabad, Andhra Pradesh",June 2011 to March 2014,B.Sc in Computer Science,"I am applying for the post of Desktop Support Engineer / IT Engineer / Junior Network Engineer / System Admin / System Engineer / IT Support as I am having 2 years of hand-on experience in an IT company. I am the ideal candidate aimed to be a part of a dynamic and progressive organization where I can gain something and work for the growth of the organization and which would offer me challenges with a quality environment where my ideas and skills can be shared, enriched and put maximum use."
10,Look in to Asset Management && Look in to Asset Management," New Roll-Out Project. 
 Installation & Configuration of around 1000 Thick Clients & Thin 
Clients windows & Linux based Machines. 
 Configuration of Citrix based thin clients machines. 
 Installation of CISCO IP Phones. 
 Coordination with other team Members & Vendors to complete the project on time. 
Salary 
 
 Negotiable 
 
Notice Period 
 15 Days && system of Vodafone India Pvt.Ltd which include IN, OUT, Exchange of all IT related Asset 
Inventory in Remedy Ticket Management of India. 
 
 Troubleshooting problem of Outlook exchange client, Windows 
XP, 7 and 8 OS related and Internet explorer's various application like CRM, CPOS, PPS, Intranet site, File-Net etc. 
 Troubleshooting problem of Bit locker, Device lock and SCCM & AV clients. 
 Remote and Telephonic support to Branch and zone office 
engineers and Remote users. 
 Hands on Wireless and local area connection configuration and troubleshooting. 
 Hands on Remedy 7.1, 7.6 & 8.1 for Incident management which is designed under ITIL-V3 
 Guideline and Vodafone-IBM SLA. 
 Installation and configuration of new Laptop/Desktop for allotting to user as per Vodafone-IBM standard software policy and security 
compliance. 
 Allocating daily jobs and workloads and Managing team 
performance and progress. 
 Enforcing all company approved policies and procedures. 
 Constantly looking for ways to improve processes. 
 Giving prompt and accurate information on individual staff 
member performance. 
 Attending and participating in team meetings. 
 Ensuring a clean, safe and friendly working environment. 
 I have to strictly follow SLA for timely closure of pending issues and to drive the team of increase constantly on quality of calls 
closure. He has to keep his close eye on issues slipping towards aging to close them within SLA. 
 I have to talk to users with negative CSAT cases to understand 
their problems and to ensure that the mistakes if any done by team, 
should not be repeated in future.",Desktop Support Engineer && System Engineer / IT Asset Manager,March 2016 to Present && 2016 to Present,"Technical Support,Remote Support,Computers,Helpdesk,Inventory Management,Guide to nontechnical person (5 years)","Additional Information
Technnical knowledge- VMWare, ESXI 6,HA,DRS,FT,Virtualization, AWS, 
 
 Ability to explain technical issues clearly to nontechnical colleagues. 
 
 Able and willing to work flexible hours in any Shift when necessary. 
 
Other Skills 
 MS Office - Excel / PowerPoint / Word 
 
 HTML/DHTML","Ahmedabad, Gujarat",University mistake && St. Xavier's College && Gujarat University,2011 to 2012 && 2007 to 2011 && None,Bachelor of Computer Application in Computer Science && Bachelor of Computer Application in Computer Application && None," Proficient in technical and non-technical communication, both in oral and written 
 Good leadership skills and has the ability to guide and provide technical direction 
and supervision for a given project 
 Excellent problem solving, analytic and logical thinking skills."
15,"IMSI India PVT LTD && Oriental Manufacture pvt ltd && Meridian info Tech Ltd - Vadodara, Gujarat"," Responsibility of computer hardware engineer 
 basic Mail Server configuration & maintenance  
 basic Domain controller configuration & maintenance  
 basic DHCP Server configuration & maintenance  
 Antivirus & File Server configuration & maintenance  
 To give Technical Support to different departments  
 Installation of Computer Hardware, Software and Network Topology  
 Providing assistance to network printers  
 Technical support for Workshops / Conferences (Audio / Video)  
 Bandwidth using management & access usage control  
 Design the Network Model layout for proposed building of (CEUI)  
 Website monitoring / Management / Website hosting  
 Troubleshooting of LAN / WAN 
 Data Backup and Recovery &&  Being ready for and dealing with service outages. 
 Having contingency plans in place for diverse threats such as spam, viruses, spyware, power outages, fires and floods. 
 Connecting cables between servers and nodes. 
 Arriving quickly at the scene of any reported system problem. 
 Participating in technical research. 
 Setting up user accounts. 
 Maintaining respectful interactions with members of staff. 
 Recording all periods of downtime. 
 Training company technical staff in how to maintain the system. 
 Having a system in place that backs up all important data. 
 Making specific recommendations about future upgrades to the system. 
 Writing up operational and troubleshooting procedures. 
 Writing professional reports and business correspondence to senior managers. 
 Installing, maintaining, and troubleshooting Windows servers. 
 Performing on-site and remote technical support. 
 Responding to error reports, problems or questions. 
 Providing technical input for business projects in specialist technical areas. 
 Repairing hardware and software failures. 
 Maximising the performance and availability of IT systems. 
 Configuring and managing UNIX and Window systems. 
 Installing operating system software. 
 Collaborating, assisting, and communicating with technical and non-technical personnel. Identify weak documentation and processes and then develop improvements. 
 Establishing and maintaining database security. 
 Resolving or escalating problems. 
 Incident response and root cause analysis. 
 Perform data backups and disaster recovery operations. 
 Monitoring database performance. 
 Server racking, installation and configuration. 
 Managing printer setup, configuration and problem resolution. 
 Enforcing system security policies. &&  Identifying, diagnosing, and resolving network problems. 
 Tactfully handling irate end users. 
 Performing complex implementation and maintenance tasks on the LAN and WAN. 
 Install all new hardware, systems, and software for networks. 
 Install, configure, maintain network services, equipment and devices. 
 Supports administration of servers and server clusters. 
 Manages all system back-up and restore protocol. 
 Plans and supports network and computing infrastructure. 
 Perform troubleshooting analysis of servers, workstations and associated systems. 
 Documents network problems and resolution for future reference. 
 Monitors system performance and implements performance tuning. 
 Manage user accounts, permissions, email, anti-virus, anti-spam. 
 Requires a thorough knowledge of networking essentials. 
 Oversee software and network security. 
 Strong analytical abilities and professional office experience needed.",Desktop Engineer L2 && System Administrator/Desktop Support Engineer && Network Engineer,September 2015 to September 2016 && September 2013 to September 2015 && August 2008 to September 2013,"System Administration (3 years), System Engineer (2 years), Network Administration (5 years), Network Engineer (5 years)","Additional Information
SKILLS 
 
System 
 
 Microsoft Exchange Servers: Install, configure, deploy, maintain and support. 
 Microsoft Windows Server Operating Systems: Install, configure, deploy, maintain and support. 
 Microsoft Windows Desktop OS: Install, configure, deploy, maintain and support. 
 Microsoft Office Software: Install, configure, deploy, maintain and support. 
 Hardware: Maintenance and troubleshooting. 
Server 
 Strong interpersonal and communication skills 
 
Network 
 
* Configuration to all types Cisco switches and router 
* Networking: Switches, Routers, Hubs, Servers, Cables, Racks, Firewalls, LAN, WAN, TCP/IP, DNS, UDP, Latency, VoIP, QoS, EIGRP, BGP, OSPF, NHRP, ATM, PPP, MPLS 
 
Strengths 
 
-Confident in accomplishing any new project. 
-Can complete a task within stipulated time. 
-Can provide ingenious solutions to a problem. 
-Can lead a team from the forefront. 
-Can utilize the available resources as much as possible. 
-Glad to face new challenges. 
-Communication Skills required acquiring desired results. 
-Hardworking. 
 
Goals 
 
-Improve the quality of a work. 
-Complete a work within stipulated time. 
-Ensure a steady growth of a company.","Vadodara, Gujarat",B COLLEGE && Board/ University && IGNOU,2008 && None && None,Diploma in C.E && B.C.A in MSU && None,"Innovative and solutions-focused IT Project Manager with more than 8 years in IT Field and enterprise project management. Certified IT Project experienced in managing projects related to Hardware and software tools installation and migration, server visualization and end user computing."
17,Feedback Infra Pvt Ltd && SGFX Pvt Ltd && None,"Installation of different operating systems like windows XP, windows 7, windows 8, windows server 2003/2008/2012. 
. Hard disc partitioning and giving permissions. 
. Installing and maintaining different types of hardware devices like printers and scanners. 
. Installing software's and applications to user's standards. 
. Good knowledge such as TCP/IP, RIP, EIGRP 
. File sharing and giving permissions to users to access the shared resources. 
. Installing and updating antivirus and other applications. 
. Installing Microsoft office 2007, 2010, 2013 and troubleshooting.. 
. Configuring Microsoft Outlook and taking backup & troubleshooting. 
. Giving IP address and troubleshooting network problems. 
. Good knowledge on domain joining. 
. Configuring and troubleshooting desktop, laptop and server 
. Managing and maintains the servers, Pc's, routers, switches. 
. Taking backup, scheduling backup of server. 
. Instilling and counting the virtual private networking (vpn) 
Respond to customer request to phone and E-mail in a timely and accurate manner. && Responsibilities: 
 Active directory management, NTFS security, disk quota management 
 Good understanding of OSI Model, TCP/IP protocol suite. 
 Well understanding switching concepts and LAN technologies 
 IP addressing and subnetting, Routing concepts 
 Switches: Basic Configuration & VLAN setup 
 Router: Basic Configuration & monitoring of Cisco Router 
 Vlan: configuration, switching 
 Back-up and restore of all critical resources including router & switches IOS, Outlook, DHCP, DNS 
 Working knowledge of, DHCP Server, DNS Server, Proxy Server. 
 
Client: Deloitte Pvt Ltd 
Designation: Technical Helpdesk Co-Ordinator 
 Responsibilities: Create Users and give permission on the Windows Server. 
 Troubleshooting of Hardware and Software 
 Troubleshooting Network related issues. WIFI issues 
 Updating Windows System 
 Backup of Machines ( Software Data, PST files) 
 Windows Migration. 
 Cabling and crimping of Data and voice. 
 Connect Machines and laptop with Projector.& Tab 
 All Types Printer installation Local and Network. 
 Warranty call handling for Vendor (HP, IBM, Local Vendor of customer etc.) as per process defined. 
 Escalation of calls to the PM and customer as per escalation matrix. 
 Help the user how to reset the outlook password and how to download the pay slip from outlook through phone. 
 Daily Morning All Well Report and Evening Dashboard of all logged, closed and pending calls report emailed to Joint director, Deputy engr of MMRDA. PMO of Accenture, TL of Hcl && Responsibilities: 
 Installations and troubleshooting of softwares (like score, finacle, oracle, SAP, Citrix etc.) through remotely by using Offer Remote Assistance and Netsupport Manager in desktops and laptops 
 Preparing Daily/ Weekly Call Analysis and engineer performance reports. 
 Knowledge of incident and problem management 
 Handling escalatation of all VIP user tickets 
 Configuring and troubleshooting of mailing software and Microsoft Outlook 2007. 
 Remotely Mobile device support for configuration of Blackberry and iphone. 
 Knowledge of basics networking and troubleshooting, LAN, WAN, Wireless, VPN. 
 Vendor Management for various links, Desktops, Laptops, Printers. And Network Cabling. 
 Knowledge of basic PC and peripheral hardware troubleshooting (including print and scanning devices) 
 Handling the Daily Backup Tapes Movement. 
 
 First Level troubleshooting in Network. 
 Procurement and billing of Hardware like External HDD, RAM, Battery of Laptops etc. 
 First Level troubleshooting of OS & Software's. 
 Trouble shooting on Windows XP & Windows 7. 
 Responsible for the maintenance of hardware, ensuring all equipments are secured under Annual Maintenance contracts. 
 Support and schedule adds, moves and changes to various technology within the work environment including improvements, upgrades and installation of new hardware and software 
 Report to the Manager & Asst. Manager - Information Technology. 
 Configuring of mailing software - Lotus Notes 
 Installation and Maintenance of Desktop PC's, Laptops, Printers and Scanners",Sr. Desktop Support Engineer L2 && Associate Desktop Support && Remote Support Engineer,March 2016 to Present && January 2015 to March 2016 && March 2012 to December 2014,"Microsoft outlook, Printer, SSCM, Antivirus, (4 years)","Additional Information
Technical Skills: 
 
 Installation and Troubleshooting of All Microsoft Operating Systems. 
 Installation, Configuration Windows 2008r2, 2012 sever. 
 Experience in troubleshooting various Desktops and Laptops related Hardware issues. 
 Installation and Troubleshooting of Mailing software: Outlook and Lotus Notes 
 Installation and manage good knowledge LAN & WAN 
 Good knowledge such as TCP/IP 
 Installation Cisco switch and router Basic installation","Thane, Maharashtra","Vinayak mission Mumbai, Maharashtra",February 2013 to March 2014,B.com in IT Diploma,None
21,"Ai IT Solutions - Visakhapatnam, Andhra Pradesh && KMS Pvt.ltd","Worked as a Desktop support engineer in A1 IT SOLUTIONS from May 2014 to December 2015. 
 Worked as a Desktop engineer L1 (Windows Admin) in LUPIN LIMITED (Pharmacy Company) as behalf of F.F.I (I.B.M) from December 2015 to October 2016. 
 Working as a Senior Associate in HCL from October 2016 to till date. 
 
Roles and Responsibilities: 
 Solving day to day Issues raised by users as per the priority given to them and intimating users the solution by phone/Ticketing tool. 
 Worked on product support. The scope of support includes resolution of problems logged by users 
 Monitoring tickets in support queue and driving them to resolution within timeframe. 
 Biweekly meeting with the business for reviewing monthly forecast process. 
 Interact with onsite people regarding clarifications, updating and suggestions 
 Assisting end users on queries and other related queries. 
 We ensure all the equipment logins should be ADID and it is validated and Secured. && None",Desktop Engineer && service engineer,May 2014 to December 2015 && April 2012 to April 2014,"windows server , desktop issues , ip phones (3 years)","Additional Information
Key Strengths 
 
 Self-starter with a positive attitude, teamwork, everlasting zeal to learn new concepts and acceptance of challenges. 
 Systematic Approach and quick adaptability to new technologies.","Vepagunta, Andhra Pradesh","E.C.E Kakinada, Andhra Pradesh",2010,B.TECH,"L1 Level Knowledge on Windows Support 
 
 Provide end-user-computing services, including helpdesk and technology support services. 
 Provide escalation services based on the support matrix appropriately. 
 Provide orientation to new users about existing technology, used in parent organization. 
 Provide remote support to operations and leadership as & when required. 
 Daily call logging monitoring & analysis to eradicate repetitive task. 
 Responsible for driving and leading the delivery of professional IT services. 
 Built a collaborative relationship with the Business team. 
 Duties include review of Business requirements, analysis and also to test plan reviews. 
 Responsibility for solving medium to high complexity issues and communicating the problem resolution, additional information to customer, project teams and other IT support groups. 
 To meet with Business heads for the development of Business related application. 
 Perform inventories and usage monitoring of all IT assets and record all findings, changes, physical location, and incidences of support. 
 Effectively communicate asset management strategies to team members and stakeholders in a timely and clear fashion. 
 Physical verification of assets on yearly bases across all location. 
 Configuration of IP Phones, specialist in AVAYA IP PHONES. 
 Outlook exchange server configurations and basic troubleshooting. 
 Call assignment to the user based on feasibility. 
 User rights management. 
 Documenting and spooling reports based on customer requirement. 
 Manage different security level features based on the business requirement. 
 Maintenance of Active Directory Issues. 
 DHCP, DNS and WDS. 
 Windows Operating Systems (Windows 7 and its successors including Windows 10) 
 
VM Level Knowledge 
 
 Creating Virtual Machines and installing guest on VM's. 
 Configuring ESXi Host as a NTP Client and Synchronizing guest OS time with Exsi Host. 
 Adding Esxi host to vCenter server inventory. 
 Configuring Virtual networking with Virtual Switches (VM port groups and Kernel port groups) 
 Configuring ISCSI Storage. 
 Performing Snapshots, Cloning, Cold Migrations and Hot Migrations. 
 Creating Templates from VM. Deploying VM's from templates and allocates resources. 
 Creating duplicate Virtual Machine's using cloning technology (hot & cold) 
 Retrieving Virtual Machines by using .vmx file. 
 Creating Clusters for High Availability, Dynamic Resource Scheduling and Fault Tolerance. 
 To manage patches of Esxi Hosts using Update Manager. 
 Creating users, integrating Esxi Host with AD and providing user Permissions access vCenter. 
 Setting up Users and Groups for access to the Virtual Center. 
 Organize tasks, events and Configuring alarms. 
 Migrating of Virtual Machines using V Motion. 
 Performance Monitoring 
 To create Resource Pools for allocating resources to groups of VM'S 
 
ASSETS MANAGEMENT 
 Establish policies and procedures for tracking the sign-in and sign-out of Desktop, mobile 
Assets such as laptops, Data card & Entrust Token."
27,"Matrix Business Machine Pvt. Ltd - Pune, Maharashtra && Arya Infotech Network Solution Pvt. Ltd - Pune, Maharashtra && Olympus Computers - Pune, Maharashtra && Bharati Vidyapeeth Medical Foundations"" Bharati Hospital & Research Center - Pune, Maharashtra && Keihin Fie Pvt. Ltd - Chakan, Maharashtra && R-Tech Computers Kothrud - Pune, Maharashtra && None","Pune 45 
MATRIX Business Machines Pvt. Ltd is a ISO 9001-2008 certified organization and having gained invaluable experience in Designing, Supply, Configuration, Integration and Maintenance of IT Infrastructure and Enterprise-wide solutions to hundreds of Corporate Clients in Pune. 
 
Job Profile 
Working as a Customer Support Manager. 
 
Role and Responsibility 
* Responding to issues such as service inquiries, problem resolution, and retaining accounts. 
* Handling customer escalations and all customer relations issues. 
* Managing customer expectations. 
* Managing customer service teams, processes, and polices. 
* Promoting products and services. 
* Manage a more than 35 support Engineers team to provide first class post sales support to Customers 
* Provide input into the pre sales process and act as a lead on support and service issues, strategy and approach 
* Set clear objectives, evaluate progress and instill a high performance culture with focus on team work, service excellence and ownership for resolving customer issues 
* Manage the team and individual performance Technical and skills development. && Role and Responsibility 
* Assisted customers in installation and operating computer software, hardware and related problems to satisfy all needs. 
* Organized cases to be sent to support analysts and escalated cases if not resolved by system analysts and ensured use of all resources for resolution. 
* Managed support cases and resolved all issues, evaluated resolution provided to confirm compliance with necessary guidelines. 
* Provided Pre-Sales and Post-Sales technical consulting for customers and company sales people 
* Assisted support analysts and provided necessary feedback on cases escalated to senior management. 
* Work with Customers, Vendors, and staff to produce Network designs. This involves detailing Network requirements and Equipment to implement different designs, producing network design documents such as drawings and recommendations for a particular approach, and the presentation of same to technical staff and management. 
* Assisted customers and understood requirements and worked accordingly. 
* Supervised, and provided technical back up, for a team of Ten. 
* Monitored employee performance and performed required appraisals. 
* Responsible for administration, hiring, technical training, mentoring, and team building. && Role and Responsibility 
* Responding to issues such as service inquiries, problem resolution, and retaining accounts. 
* Handling customer escalations and all customer relations issues. 
* Managing customer expectations. 
* Managing customer service teams, processes, and polices. 
* Promoting products and services. && pune - 43 
 
Job Profile 
Working as a IT Head. 
 
Role and Responsibility 
* Windows Server 2003 / 2008 administrations 
* Managing Active directory, DNS and DHCP Servers. 
* Managing HW issues -- Vendor coordination 
* Anti Virus updates and MS Patches Management. 
* Active Directory Services -- Managing Users, Group Policies & Other Resource objects. 
* Managing Cluster Services -- Installation & Administration 
* Manage IBM X3650 M4, Dell T410, HP ML 150G6 Servers. (OS win 2003 & win 2008 server) 
* Maintain Cisco 1800, 1900 Series router & Firewall System (Sonic wall TZ 210, TZ 215 Series) 
* Hyper-V Server Administration 
 Managing Virtual Servers -- Virtual Infra Client. 
 Troubleshooting the Hyper-V machines using Virtual centre and Hyper-V Infrastructure client. 
 Cloning and troubleshooting Hyper-V ESX hosts and guest servers. 
 Creating and deploying templates. 
* Server hardware calls escalation to respective vendors if required. 
* Co-ordination with AMC providers for all Hardware, Networking, Internet. 
* Setting back up policies and other standards for IT dept. 
* Total Hardware (PCs, Printers, LAN) and software support/maintenance including Networking. 
* Manage L2 L3 Networking switches. 
* To Manage IT Dept having strength 1+4 
* Setup of 210 PC/Laptops, 60 Printers, routers and firewalls. 
 
Achievements 
Successfully Implementation of Hospital Information System (ERP) for modules Reception and OPD Management, LIS, RIS, MIS, Billing, Pharmacy Management, Inventory, Finance, Payroll/ HR With Time Attendance, Linen and Laundry, etc. 
My role was overall PROJECT CO-ORDINATION incl. tracking progress of project, maintaining the ISSUE DATABASE etc. && Chakan MIDC Pune. Keihin is Rs.350+ Cr. Japanese group in CARBURETTOR manufacturing having tie up with FIE group from Ichalkaranji. Also have another plant in Haryana. 
 
Job Profile:- && Job Profile: Installing & Configuration of all Software's & troubleshoots it. Customer support as per Requirement 
Experience: 6 Months. (Date-Jan 2004 To Jun 2004) 
 
Jay Plastics Pvt. Ltd. Mulund. Mumbai (w) && Job profile: To manage information about stock and employee's. 
Troubleshooting & Installation of Desktop PC's & different Software Applications and Operating System. 
Experience: 6 Months. (Date- Jul 2003 To Dec 2003)",Customer Support Manager && Working as a Technical Support Manager && Working as a Customer Support Manager && Working as a IT Head && System Administrator && Customers Support Engineer && Computer Operator & Hardware Engineer,January 2016 to Present && September 2014 to December 2015 && March 2014 to August 2014 && February 2010 to September 2013 && August 2004 to January 2010 && January 2004 to June 2004 && July 2003 to December 2003,"Microsoft Technology, Networking, Hardware, IT infrastructure, ERP (10+ years)","Additional Information
Other Technical Skill 
 
Subjects Details 
SAP BASIS Administration. SAP ERP ECC 5 
Database Administration 
& Server Installation 
(SQL Server 2005, 2008 
& Oracle 8i) 
 
SQL Server 2012& 2014 
 
Creating & Managing Database, User Login & Security, Import / Export Data, Backup & Recovery, Replication, ODBC connectivity. 
 
Oracle 8i Migration, Partitioning, Performance monitoring, Database Recovery, Net8. 
Server Installation All Windows Servers, UNIX/RH LINUX 8. 
Hardware / Networking 
Computer Assembling & Troubleshooting of all types of computers & Laptops (IBM, HP, Wipro, ) Troubleshooting of LAN, switches and Hubs. 
 
Computer Software's FoxPro/VB Programming knowledge, MS-Access Crystal Report. 
 
Academic Project 
 
DBA: 
""Data Base Management System ""With SQL Server 7.0. 
""DHCP Configuration on RED HAT LINUX"". 
 
""Inventory control system (Purchase, Production, Sales) Front End VB 6.0.Back End Access 2000. ""Jay Plastics Pvt.Ltd. Mumbai (West) "". 
 
* Permanent address 
Dnyaneshwar Bharatsing Rajput. 
21 Lal Bag Colony. Dhule Road Nandubar. 
Tal. Dist. Nandurbar. 425412 
 
Declaration 
I hereby declare that the information provided above is true to the best of my knowledge. 
 
Date: Yours faithfully. 
Rajput Dnyaneshwar","Pune, Maharashtra","North Maharashtra University Jalgoan && C.M.S Institute Pune. Pune, Maharashtra",None && None,Master Of Computer Management in Computer Management && Master Diploma in Networking & Data Communication,"Name Mr. Dnyaneshwar Bharatsing Rajput. 
 
Residential Address Ashwini Vihar, Sr.No 41/3 Flat No-9, Sachhai Mata Nagar, Ambegaon Kh. Haveli Pune 46. 
Contact No +91 [...] 
Email ID rajputd02@gmail.com / rajputd_b@yahoo.com 
 
Total 12+ yrs. of IT experience 
 
 Expertise in Installation and Administration of Windows 2000, 2003, Windows 2008 & Windows 2012 Server, Windows 7, Windows 8, 8.1 Windows Vista, Windows XP. 
 More than 12 years of experience in IT with experience in Server administration in various environments - Window 2000, 2003 & 2008 Windows 2012 Server with Active Directory Services (AD, DNS, DHCP, Hyper-V) 
 Three years experience in managing / supporting Hyper-V server (hosts and guests) 
 Managing Cluster Services -- Installation & Administration 
 Managing file servers (MS Cluster servers) and print servers. 
 Hands on experience on mailing server and MS SQL server [...] administration. 
 Network Management Console for Symantec End Point, Quick Heal, MacAfee antivirus Protection. 
 Manage Dell Power Edge 1850, 2850, 2950, T410 Series Server. (OS win 2000, 2003 
& 2008 server) 
 Manage IBM X Series 3650 M4, X3610, 225 & 226 Servers. (Os win 2003 server, Win 2008 R2 Server 
 Installation and maintenance of all Local & Network printers (HP 5100, HP5500, HP 8000, HP 5550) 
 Maintain Cisco 1800, 1900 Series router & Sonic wall TZ 210, 215 Firewall. 
 Installation and Administration of Japanese win XP, Vista, Windows 7 and Windows XP."
31,"AGS Transact Technologies Pvt. Ltd && Next Education India Pvt. Ltd - Bangalore, Karnataka","Total Work Experienced - 2.8 Mounths 
 
Responsible for supporting the company's SME clients at all levels as part of a helpdesk team. Ensuring that all hardware, software and Networking is configured and installed correctly. 
 
Duties: 
Responsible for networking, design, installation and maintenance services. Supporting users and network administrators over the telephone, email, on site. Maintain the companies network infrastructure. 
 
Networking and providing support for Windows, Macintosh and Linux issues. Configuration and testing of any new hardware and software. 
 
Travelling to client sites to help with installs, deployment, and troubleshooting. Management of the daily data backup and retrieval scheme. 
 
Installing and operating Windows desktop and server operating systems. TCP/IP networking and hardware maintenance and repair. 
 
Training new employees. 
 
Assistance with training of staff and compiling procedural documentation. Assisting the network manager with support requests. 
 
Ensure computer hardware is safe & complies with health and safety legislation. Applying patches in accordance with company procedures. 
 
KEY SKILLS AND COMPETENCIES 
Experience as a Team Leader for projects and systems migrations. Excellent customer facing skills. 
 
 A positive attitude towards customer service and good communication skills. 
 Experienced troubleshooting and configuration of Windows server 2003, Exchange /xp professional /Windows 7, linux. 
Configuration various type of services-DHCP, DNS, Remote Desktop Support 
Commercial technical support experience of servers and network infrastructure. Ability to be clear & concise when explaining technical procedures to customers. 
 Configure Routers & Swiches && I have worked with this company for 1 years and gain a great experienced",IT Customer Support Engineer && Technical Supoort Engineer,August 2015 to Present && October 2014 to August 2015,"windows OS Installation & Troubleshootin, Router & Swiches Maintainance & troubleshooting,Configure services-DHCP, DNS, Remote Desktop etc,Configuration Networking and troubleshoots,Linux maintainance & troubleshooting, (3 years)","Additional Information
AREAS OF EXPERTISE 
 
Networking - Switches / 
 
Routers / Firewalls 
 
SQL 
 
1st/2nd line issues 
 
Infrastructure support 
 
Server support 
 
Microsoft technologies 
 
Remote support tools 
 
PROFESSIONAL 
 
Advance Certified 
Hardware & Networking Professional(ACHNP) 
Includes-CCNA, Redhet6.0, MCITP 
 
PERSONAL SKILLS 
 
Problem solving 
 
Commitment to outcomes 
 
Highly analytical 
 
Helpful attitude","Bangalore, Karnataka","MITS(Microcity Institute of Technical Studies) Udaipur, Rajasthan",2012 to 2014,ACHNP Deploma(Advanced Certified Hardware & Networking Professional) in IT Solutions,None
32,"Redington Gulf FZE- India Branch - Chennai, Tamil Nadu && Fiducia Infotek - Chennai, Tamil Nadu && AEL Data Service LLP - Chennai, Tamil Nadu && NICT Computer Education - Chennai, Tamil Nadu","Job Responsibilities 
 Administer servers, desktop computers, laptops, VOIP, printers, Antivirus, switches, firewalls, software deployment, security updates and patches 
 Managing user accounts and giving share & security level permissions. 
 Installed and configured the VMware Esxi 4.1 in HP ProLiant G6 Server. 
 Installed and Configured from Existing Server as per requirement. 
 Installed and Configured the Veeam Backup and Replication take monthly backup from VMware Server 
 Installed and Configured of Windows Server 2008 R2, Windows Server 2012 in Virtual Host as guest operating system 
 Installed and Configured DHCP server, Group Policy, DNS Server in Windows Server 2008. 
 Troubleshoot problems reported through Manage engine Service Desk. 
 Creating and providing a share and security folder access for internal Employee. 
 Work closely with all business units and 3rd party vendors to measure, track, report, and troubleshoot all application and/or system performance to ensure SLA's are met 
 Blocking and Unblocking Site as per require through Zscaler Proxy 
 Provide Support to Internal client as well as external client over the telephone, ticket, email, remote support. 
 Maintain IT Asset Entire Organization through Manage Engine Asset Explorer, Generate Monthly report send to Manager. 
 Ensure system connectivity of all desktops, laptops, servers, shared software, groupware, and other internal and external applications 
 Monitoring the Datacenter server Connectivity. 
 Responsible for maintaining the network and troubleshooting the network related issue. 
 Responsible for sharing the network printer and also ISP issue. 
 Providing Support to Production Desktop and Laptop, find out the Problem replace hardware or software application and also support through Remote Location. 
 Installation of Basic Software through Client Desktop and Laptop like MS-Office Package 2010, 2013, SAP 7.3 front end client, PDF Reader, WinRAR, tightVNC, Able to Extract. 
 Support through Call Center Internal Team for Connectivity issue. 
 Installation and Configuration 3CX agent software to client. 
 User creation in Asterisk Server, Coordinate with Call Center Vendor to fix issue. 
 Configuring the mail through Outlook 2010 and 2013. 
 Basic support to Exchange Server 2010 and 2013. 
 Create and maintain documentation as it relates to system configuration, mapping, processes, and service records as per company polices. 
 
IT Project 
 Existing HP ProLiant DL380 G6 Server Configuration with RAID 5, and install and configured the VMware Esxi Server 6.5. After that Create Guest Operating System as 
Windows Server 2008 R2. 
 File Server Migration from Existing Window Server 2008 R2 to New Windows Server 2008 R2 without Data Loss && Job Responsibilities 
 Installed and configured Windows Active Directory Server, DNS Server, and DHCP Server. 
 Deployed Windows Deployment Service (WDS) to deploy pre-configured OS and WSUS for patch management 
 Install and Configured the Oracle Database 10 G on Server 2008 R2 
 Install and Configured the Oracle Linux 6 for New Server Configuration 
 Install and Configured the Windows 7 for End user. 
 Install and Configured the Symantec End Point (Unmanaged Client) 
 Installation of Basic Software through Client Desktop and Laptop like MS-Office Package 2010, Adobe Reader, WinRAR. 
 User creation and Deletion for User in Active Directory, Password Unlock 
 Maintaining IT Asset. 
 Installed and Configured the Manage Engine Service Desk for Ticketing System for internal Team 
 Responsible for internet related issue. 
 Implemented Linux based development environment internally and given internal support. 
 Installing and configuring Linux Servers for internal/External Application deployments. 
 Configured Monitoring servers and services with fully automated Nagios and Manage Engine Application Manager and Desktop Central Manager. 
 Install and Configure Oracle Application like Forms, Reports, and Database in Windows 7. 
 Configure the Mailing System through Outlook. && Job Responsibilities 
Windows 
 Installed and configured Windows Active Directory Server, DNS Server, and DHCP Server. 
 Installation of Client Operating System in Windows XP, Windows 7, Windows 8. 
 Installation of Anti-virus (Symantec) in Windows Desktop and Server. 
 Respond to telephone calls, emails, and assigned tickets from users Assign work orders/incidents to appropriate support teams and follows up until closure. 
 Troubleshoot the Desktop& Server problems. 
 Regular Checklist for Servers. 
 Maintain Stock Register and Asset details. 
 View the Log details. 
 System Hardening for Windows operating System. 
 Installed and Configure the Thunderbird in users. 
 Creating username and password for users in Desktops. 
 Providing the sharing and security to users for Directories. 
 Creating a directory structure for internal/ External Client. 
 Creating and providing access for FTP user for Internal /External client. 
 Installed and Configure the Active Directory Domain Trust for Windows Servers 2003 and 2008. 
 Installed and Configure the IBM tape library in Windows servers 2003, and also Backup and Restore data. 
 Backup Data through External Hard disk, in case server running out of space. 
Performing Backup of Data. 
 
Linux 
 Installation of Operating System in Centos, Ubuntu and Fedora. 
 Creating a username and password for users. 
 Handling Package Management Tools like rpm, yum and apt-get. 
 Installed and creating the directory structure for internal Team. 
 Installed and configure the samba server for file sharing. 
 Installed and configure the NFS Server for file sharing. 
 Installed and configure the WINE in Centos, Fedora and Ubuntu. 
 Cronjob Scheduling for Auto Backup, to perform Daily Backup. 
 Mounting the External Hard disk permanently in fstab. 
 Installed and Configure the IPA Server and IPA Clients for R&D && Job Responsibilities 
 Create ID for new joining in the institute. 
 H/w and Networking training to the students. 
 Database Maintenance, log creating. 
 Installation and Configuration of Windows 7 
 System admin Maintenance of all system, trouble shooting etc. 
Maintaining LAN & WAN Network.",System Support Executive && System Administrator && System Administrator && Faculty cum System Administrator,February 2015 to Present && April 2014 to January 2015 && August 2013 to April 2014 && January 2013 to June 2013,"Windows Server 2008 R2 , Vmware,Linux (4 years)",None,"Chennai, Tamil Nadu",ANNA UNIVERSITY && THAI MOOGABIGAI POLYTECHNIC COLLEGE && MARTHOMA MATRICULATION HR. SEC SCHOOL && Think up Institute,2011 && 2008 && 2005 && None,B.TECH in INFORMATION TECHNOLOGY && DIPLOMA in ECE && SSLC in Technology && Technology Snapshot,To obtain a challenging and rewarding position in System and Network Administration with an organization which recognizes my true potential and provides me sufficient avenues for professional growth through nurturing my technical skills and competencies.
37,"Transcrop Enterprises - Patna, Bihar && ICICI BANK - New Delhi, Delhi && HDFC BANK - New Delhi, Delhi && Medsave India Pvt LTD. - New Delhi, Delhi","My Work at Transcrop is Manage all Inventory of site & troubleshoot all Problems related to Laptops, Networks,Softwares,Manage Emails & Support to Executive and Interviewer on Phone or Teamviewer. && My work at ICICI was to open Saving & Current account. I Usually meet to the clients and convience them to Purchase our product and make a good relationship between Bank and clients. && My work at HDFC was to open Saving & Current account. I Usually meet to the clients and convience them to Purchase our product and make a good relationship between Bank and clients. && My Work at Medsave India was to manage a team Executive those were working in fields, So i assist them to any difficulties like any type of system issue, Connectivity issue,mails issue,network issue.At the end of the day i usually collect the data from executive and make report & Send to my Manager.",Desktop & Network Support Engineer && Senior Sales Officer && Sales Officer && Team Leader,March 2016 to Present && February 2015 to December 2016 && August 2013 to February 2015 && November 2011 to June 2013,Installation & Troubleshooting of System & Network/ Also a good knowledge of Sells (4 years),"Additional Information
 Co-operation in work with colleagues and adoptable to the work.","Fatehpur (Patna), Bihar","Jetking Patna, Bihar && MAGADH UNIVERSITY Patna Patna, Bihar",2010 to 2011 && 2006 to 2009,Jetking Certified Hardware & Networking Professional in Computer & Network && BA in Arts (History),To work for an organization that will bring best of my talent and give me responsibility and independence. Utilizing my skills to the fullest and offer me learning experience and cooperate to achieve desired goals for mine and of the organization.
40,"Kaizen IT Services Pvt ltd. - Bokaro Steel City, Jharkhand && CMS IT Services Private Limited - Angul, Orissa && Firstsource Ltd - Bhubaneshwar, Orissa && Kanishka Institute Of Network Technology - Bhubaneshwar, Orissa && Info World - Angul, Orissa","Responsibilities 
 
 Perform troubleshooting on assigned ticket on Incident Management System and resolve the problem within SLA. 
 Reporting packet loss, link status and provide support in resolving network problem and troubleshooting of LAN connectivity issues, Share Ping logs & Trace logs to L2 network team to help minimize downtime. 
 Provide support by diagnosing and resolving technical issues for Desktops, Laptops, HP Prodesk, Thinclients & Avaya VOIP in an environment having more than two hundred of users. 
 Install, upgrade, support and troubleshoot XP, Windows 7, Microsoft Office 2003/2007 & other authorised software & applications. 
 Install, upgrade, support and troubleshoot for printers, computer hardware and any other authorised peripheral equipment. 
 Ensuring SAN patches and security updates are applied & antivirus (McAfee) installed and kept up to date. 
 Ensuring all scripts for applications are running properly and genarating accurate logs in monitoring systems & preparing scripts when necessary. 
 Responsible for taking DHL server daily backup, restoration & preparing/ publishing of daily checklist and weekly VDI maintenance checklist. 
 Providing assistance and support to colleagues in IT-related matters. 
 User account administration, i.e., account creation, permission & password reset. 
 IP configuration, Internet access for LAN, Proxy setting & exception entry. 
 Escalating IT issues to the IT manager where necessary. && Location: - Lewis Road, Bhubaneswar, odisha 
Duration: - February 2014 to July 2014. 
Responsibilities 
 Taken class for A+, N+ & Server 2008, PGDCA && Responsibilities 
 Connecting & configuring PCs for use on LAN 
 Installation & maintenance of Local Area Network in small office/ organization, institution & Cyber cafe. 
 Installation of various operating systems such as Windows Xp, Vista, 7, 8 and Linux. 
 Installation of application softwares in all new Desktops, Laptops & provide after sales service for Desktops, Laptops, Printers etc. 
 Assembling/Disassembling of various Desktops, Laptops. 
 Installing and configuring hardware devices and drivers. 
 Installation, maintenance of other computer peripherals such as printer, Scaner, Web Camera, PCI card, modem, CD Rom and Writers. 
 Troubleshooting virus related problem and installing, activating & updating Antivirus such as Microsoft Essential, Quickheal, Kaspker Sky, K7, Trend Micro, Mcafee etc. && None && None",Technical Lead (Desktop Support L2) && Sr. Customer Support Engineer && Onsite Support Engineer (Desktop Support) && Hardware & Networking Faculty && Hardware & Networking Technician,August 2016 to Present && June 2015 to August 2016 && July 2014 to June 2015 && February 2014 to July 2014 && July 2008 to December 2013,"CCNA, Windows Server 2008, RHEL, Outlook, Remote Support, Helpdesk Management, (7 years)","Additional Information
Technical Qualification 
 
* MS Windows Server 2008, CCNA, Redhat Linux, Exchange Server 2010, Network Security, Ethical Hacking, Storage Basics & Cloud Computing from Jetking. 
* N+ from IIHT 
* A+ from NIIT 
* Tally from Pentasys Computer 
* PGDCA from Ramakrishna Educational & Charitable Trust.","Bokaro, Jharkhand","Mahatma Gandhi University Odisha, IN && Govt. High School Konarka, Orissa",None && None,B Sc in Hardware & Networking && HSC,None
48,"Anand Rathi Share & Stock brokers Ltd - Mumbai, Maharashtra",None,Desktop Engineer,June 2015 to Present,"Deskstop support, Technical Support, Service Engineer, Network troubleshooting",None,"Naigoan(E), Maharashtra","Gujarat Technological University Surat, Gujarat",2011 to 2015,BE in Electronics Engineering,"Dear Hiring Manager, 
 
I would like to express my interest in a position as Electronics Engineer for your publishing company. 
 
As a recent graduate with engineering, practicaly, and technical experience, I believe I am a strong candidate for a position at your Publishing Company."
