CandidateID,Company,Job-Description,Job Title,Job-Duration,Skills,Additional-Info,Location,Institute,School-Duration,Qualification,Resume-Summary
0,"Odebrecht - So Paulo, SP && Entercom Microsystems - So Paulo, SP && Agncia de marketing Actwork && Agncia de comunicao e Design Ivoire","Desenvolvedora Front-end SharePoint 
Empresa: Odebrecht && Desenvolvedora SharePoint, responsvel pelo desenvolvimento e manuteno de portais em SharePoint. && None && None",Front End Developer && Front End Developer && Programador Front-end && Assistente de web master,March 2014 to Present && November 2012 to March 2014 && April 2011 to June 2012 && November 2010 to April 2011,"HTML Avanado, (6 years), CSS Avanado (6 years), JavaScript Intermedirio (3 years), sharepoint (4 years), less (2 years), grunt (2 years), jquery (3 years), Anlise de Sistemas (3 years), Ingls Intermedirio (2 years)",None,"So Paulo, SP","Faculdade Carlos Drummond de Andrade So Paulo, SP",July 2011 to August 2013,Tecnologo in TI,Desenvolvimento Front-end
2,"eVision Agncia Digital - So Paulo, SP && Promus Brindes && HTC Web Tecnologia","Front end 
Profissional 
2015 - 2016 Converso de layouts para as plataformas Photoshop 
Wordpress e Vtex, seguindo toda a criao 
Illustrator 
aprovada pelo cliente. 
InDesign && Criao de cartes de visita, logotipos, entre Sony Vegas 
outros materiais impressos para circulao 
HTML/CSS 
interna e envio aos clientes. 
Criao e disparo do Email Marketing Semanal 
Wordpress de Produtos e Campanhas. Outros CMS 
Administrao geral do website da empresa 
(http://www.promusbrindes.com.br). 
Personal && Criao e recorte para uso na plataforma Equipe 
Wordpress, responsvel pela montagem dos 
Criatividade 
arquivos em HTML/CSS/PHP. 
Criao de logotipos, personalizao de temas 
baseado na identidade visual do cliente.",Front End Developer && Web & Designer Grfico && Web & Designer Grfico,2015 to 2016 && 2013 to 2015 && 2011 to 2013,"Microsoft Office (10+ years), CSS Intermedirio (5 years), Wordpress (5 years), Illustrator (5 years), Photoshop (5 years), InDesign (5 years), Sony Vegas (3 years), HTML Intermedirio (5 years)",None,"So Paulo, SP","UNINOVE So Paulo, SP && Escola Panamericana de Arte e Design So Paulo, SP && Universidade Bandeirantes So Paulo, SP",January 2010 to December 2012 && January 2007 to December 2009 && January 2004 to December 2007,Tecnico in Produo e Criao Publicitria && Tecnico in Design Grfico && Bacharelado in Anlise de Sistema," Web Designer 
 Front End 
 Designer Grfico 
 Arte Finalista"
4,"Catskillet - Fortaleza, CE && Caixa Seguradora S.A. - Fortaleza, CE && Superintendncia Regional da Caixa - Fortaleza, CE && Future Jobs - Fortaleza, CE && CENAPAD - UFC - Fortaleza, CE","Desenvolvia aplicaes concisas, responsivas e semnticas para a web, utilizando de tecnologias recentes e boas prticas de desenvolvimento. && Preparava planilhas de acompanhamento de campanhas, criava macros no Excel para automatizar atividades, atendia  clientes via telefone. && Criava e mantinha o site de intranet, criava macros no Excel para automatizar e agilizar atividades corriqueiras, melhorava planilhas j existentes para facilitar compreenso, melhorava frmulas e cdigos VBA. && Auxiliava alunos no entendimento dos contedos dos cursos. && Suporte tecnico de redes de computadores (Atualizao de servidores e cabeamento); Desenvolvimento de sistemas (Manuteno de sites e criao de novas ferramentas web). 
Participei da criao do SIGU (Sistema de Gerenciamento de Usurios)",Front End Developer && Assistente Administrativo && Estagirio && Monitor de Informtica && Estagirio,July 2016 to January 2017 && November 2015 to June 2016 && August 2014 to November 2015 && July 2011 to January 2012 && None,"Microsoft Office (5 years), CSS Avanado (2 years), HTML Avanado (2 years), JavaScript Avanado (Less than 1 year), Java Intermedirio (Less than 1 year), Ruby Bsico (Less than 1 year), Excel Avanado (2 years), Git (Less than 1 year), Photoshop Bsico (Less than 1 year), VBA Intermedirio (1 year)",None,"Fortaleza, CE","Estcio de S Fortaleza, CE",August 2014 to July 2018,Bacharelado in Sistemas de Informao,"Tenho como objetivo, conciliar trabalho e estudo, ao modo de pr em prtica o que foi aprendido em aula e continuar aprendendo de forma prtica para agregar valor para mim e para a empresa."
7,"Tiki - So Jose, SC && Chute Corporation - San Francisco Bay Area, CA && Grupo Globo / GRPCOM - Curitiba, PR","Responsabilidades 
Atuar no desenvolvimento front-end em aplicao MVC web da empresa e 
Wordpress. 
 
Realizaes 
 
http://www.cariocacalcados.com.br/ 
http://queroserdevlocaweb.com.br/ 
http://amcconstrutora.com.br/ 
http://www.lougge.com.br/ 
http://alphaeducacao.com.br/ 
http://www.viraldosvirais.com.br/ 
http://www.woa.com.br/ 
http://mdk.dominik.com.br/ 
 
Habilidades 
Utilizando HTML5, CSS3, e JavaScript, desenvolvi Lojas, Websites 
corporativos e Landing Pages, responsivos, devidamente documentados e 
versionados. && Responsabilidades 
Start Up localizada em SOMA Bay Area - San Francisco USA, trabalho remoto 
como PJ, onde me integrei a equipe de desenvolvimento dentro da API da 
empresa. 
 
Realizaes 
 
http://visualrevolution.com/ 
http://cdn.getchute.com/display-runners/sales-landing-page/demo.html 
http://cdn.getchute.com/display-runners/bing-photo-contest-hub/demo.html 
http://cdn.getchute.com/display-runners/coke-essence-fest-interactive/demo.html 
http://cdn.getchute.com/display-runners/western-union/demo.html 
http://cdn.getchute.com/display-runners/uniqlo/demo.html 
cdn.getchute.com/display-runners/conde-naste-traveler-land-rover/development/conde-naste-traveler-land-rover.html?storeUrl=http://s3.amazonaws.com/store.getchute.com/54136a2e2f2f8720a6000001 
 
Habilidades 
Utilizando recursos de HTML5, CSS3 (SCSS) e Javascript, && Responsabilidades 
Atuar no desenvolvimento de novos produtos digitais dos jornais do grupo: 
Gazeta do Povo / Gazeta Maring / Jornal de Londrina / Paran Online / 
Tribuna. Atuei no desenvolvimento dos blogs, lance a lance de partidas 
alem da rede social todos produtos da Gazeta do Povo.  
 
Realizaes 
Acesse o principal portal em que atuei: www.gazetadopovo.com.br  
 
Habilidades 
Neste projetos utilizei conhecimentos como Designer e Desenvolvedor Front End.",Desenvolvedor Front-End && Desenvolvedor Front-End && Designer / Desenvolvedor Front-End,April 2015 to December 2015 && April 2014 to October 2014 && None,"- HTML5 - certificado ADOBE partner / ENG DTP & Multimdia (Bootstrap, Tableless, W3C e Crossbrowser Dev) - PHP Front-End - CSS3 (SASS, SCSS, Less) - JavaScript (jQuery, AngularJS, Gulp, Grunt, Jasmine) - GIT & SVN - Bash - Wordpress - Pardot - Scrum - Kanban - Red Mine - Basecamp - Trello - Microsoft Share Point, - Sublime Text 3 - Terminal / iTerm2 - Adobe Photoshop, Illustrator, inDesign - Genymotion - Xcode - Microsoft Office","Additional Information
Portfolio Pessoal e Curriculum (ingls): http://deholanda.com.br/ 
 
Flvio de Holanda Conte (27) | Frontend Developer (~7 years) & Designer (~9 years). 
 
Desde os 16 anos tive uma paixo por Design e sua aplicao no nosso cotidiano, no s profissional. Formado em Comunicao Social com nfase em Publicidade e Propaganda, encontrei oportunidades para trabalhar como Designer, o que me fez ver a dificuldade que desenvolvedores de produtos digitais por vezes tinham de aplicar coisas que eu prototipava. Desde ento, foquei meu conhecimento como Comunicador e Designer para desenvolver projetos de qualidade, sem deixar de lado questes que no mercado por vezes so ignoradas, assim oferecendo interfaces visuais simples, bonitas e ricas em usabilidade. Hoje em dia, focado no desenvolvimento de produtos digitais como Designer & Frontend Developer, consigo ser um profissional multidisciplinar o que facilita nos trabalhos individuais e em equipe. Acredito na conversao entre Comunicao, Design e Desenvolvimento como diferencial para criar e desenvolver produtos verdadeiramente nicos e notveis, focados em obter os resultados que os clientes precisam.","Curitiba, PR","Unicuritiba Curitiba, PR",2007 to 2012,Bacharelado in Comunicao Social - Publicidade e Propaganda,None
11,"18 Comunicao - Belo Horizonte, MG && Web2ez - Belo Horizonte, MG && Opa Tecnologia - Belo Horizonte, MG && Print4me - Belo Horizonte, MG","Responsabilidades 
Responsvel pelas implementaes front-end em sites utilizando WordPress ou montagem pura de HMTL/CSS/JS. 
 
Realizaes 
Implementao de templates em WordPress 
Montagem de interfaces digital em geral 
Otimizao dos templates quanto  velocidade de carregamento 
Organizao dos arquivos de template, para agilizar o trabalho, melhorar a compatibilidade com outros navegadores e tambem diminuir o tamanho dos arquivos gerados 
 
Habilidades 
- Organizao 
- Pr-atividade 
- Pontualidade && Responsabilidades 
Responsvel pelas implementaes front-end em sites utilizando WordPress ou montagem pura de HMTL/CSS/JS. 
 
Realizaes 
Implementao de templates em WordPress 
Montagem de interfaces digital em geral 
Otimizao dos templates quanto  velocidade de carregamento 
Organizao dos arquivos de template, para agilizar o trabalho, melhorar a compatibilidade com outros navegadores e tambem diminuir o tamanho dos arquivos gerados 
 
Habilidades 
- Organizao 
- Pr-atividade 
- Pontualidade && Responsabilidades 
Responsvel pelas implementaes front-end no sistema online da empresa, alem de efetuar na correo de bugs e na sugesto melhorias gerais no que tange  parte visual e tambem  performance do sistema. 
 
Responsvel tambem pelo desenvolvimento de novos projetos web, em Wordpress, desde a montagem front-end quanto das implementaes no sistema dos campos necessrios para cadastro de cada tipo de contedo, de acordo com a necessidade de cada projeto. 
 
Realizaes 
Melhoria nos processos para organizao no desenvolvimento de novos projetos, para diminuir a refao e tambem manter a coerncia de navegao dos projetos desenvolvidos. 
 
Habilidades 
- Organizao 
- Pr-atividade 
- Pontualidade && Responsabilidades 
Responsvel pela parte fron-end do site, padronizando a estrutura a fim de melhorar implementaes futuras e tambem manter o bom funcionamento do site, tanto em desktop quanto mobile, j que o site e responsivo. 
 
Realizaes 
- Melhora na visualizao do site em dispositivos mveis 
- Diminuio do tempo de carregamento do site 
- Reestruturao e validao de diversas pginas, de acordo com normas da W3C 
- Implementao do Compass / SASS e minificao geral dos arquivos JS/CSS e mesclagem dos arquivos para diminuir a quantidade de requisies de arquivos na pgina 
 
Habilidades 
- Anlise de melhorias: Verificao geral do site para busca de problemas de front-end (montagem) e de carregamento (tamanho de imagens, quantidade de requisies, tamanho dos arquivos, sprites)",Front-end Developer && Front-end developer && Front-end developer && Front-end Developer,November 2015 to Present && September 2015 to November 2015 && May 2015 to August 2015 && January 2015 to May 2015,"HTML, CSS, Javascript, Jquery, GIT, GIT Flow Wordpress (7 years)",None,"Belo Horizonte, MG","UNATEC Belo Horizonte, MG",2010 to 2012,Graduao in Design Grfico,None
13,"VC.2B - So Paulo, SP && Med Cine Editora e Filmagens - So Paulo, SP && AutoMate do Brasil - So Paulo, SP && White Box Studio - So Paulo, SP && AGTECH Solues em Tecnologia LTDA - So Paulo, SP","Desenvolvimento de interfaces de sistemas web e mobile. Utilizando HTML5, CSS3, JavaScript (Jquery, Angular, React),Asp.Net Core, WordPress. Git, Bower, Sass, Gulp/Grunt. && Desenvolvimento de websites responsivos, interfaces de sistemas web, E-commerce. Utilizando HTML5, CSS , JavaScript(Jquery e AngularJS), alterao de interface WordPress Controle de verso Git, Bower e Grunt/Gulp && Responsabilidades 
Desenvolvimento de workflows para automao de processos na rea jurdica e financeira, anlise e levantamento de requisitos. && Desenvolvimento web, utilizando HTML, CSS, JavaScript, PHP, ASP.NET && Responsabilidades 
Organizao e elaborao de cotaes; elaborao de propostas tecnicas/comerciais; trabalho de relacionamento de venda ps-vendas de produtos e servios da rea de TI; apoio tecnico/comercial no desenvolvimento de projetos para licitaes pblicas e privadas 
 
Realizaes 
As minhas maiores realizaes foram ajudar a empresa a conseguir atingir a sua meta e entregar o projetos nos prazos estipulados 
 
Habilidades 
Desenvolvimento de propostas tecnicas, entrega de projetos etc.",Desenvolvedor Front-end && Desenvolvedor Front End && Programador && Desenvolvedor Front End Junior && Estagirio,September 2016 to Present && June 2015 to September 2016 && May 2015 to May 2015 && October 2014 to April 2015 && November 2013 to October 2014,"HTML5,CSS3, Javascript(Jquery e AngularJs), Photoshop, PostgreSQL, Phonegap e Android",None,"So Paulo, SP","Faculdade de Tecnologia do Estado de So Paulo So Bernardo do Campo, SP",2013 to 2016,Superior in Tecnologia em Informtica para Negcios,"Programador, Desenvolvedor"
14,"ITRIAD - Manaus, AM && AXM CONSULTORIA E DESENVOLVIMENTO EMPRESARIAL LTDA - Manaus, AM && Polcia Civil do Amazonas - Manaus, AM && JLV ANDAIMES, FRMAS E ESCORAMENTOS LTDA. - Manaus, AM && Secretaria de Estado Segurana Pblica AM, empresa terceirizada PROSAM. - Manaus, AM","PHP Developer, working on Front End and Back End. Framework Symfony, Databases Oracle, Angular.js, Bootstrap, Materialize and Progressive Web Apps. && Web developer, Actively working on Front End and Back End. Node.Js, Angular.js, API Strongloop(Loopback), databases Mysql, SQL-Server and MongoDB. && Responsibilities 
Activity: Responsible for the implementation and updating of systems, aiming at improving and agility of internal and external processes. && Responsibilities 
Activity: Responsible for creating software for equipment control and creation / updating of the company's website, aiming to create dynamic systems / sites for interactivity with its clients. && Responsibilities 
Activity: Implementation, elaboration and update of internal systems to control information pertinent to the sectors, aiming at improvement and agility of the processes.",Web Developer && Developer Full Stack && PHP Developer / Analyst && PHP Developer / Analyst && PHP Developer / Analyst,October 2016 to Present && October 2015 to October 2016 && August 2013 to October 2015 && November 2010 to July 2013 && July 2007 to November 2010,"PHP Avanado (5 years), nodejs (1 year), Angularjs (1 year), Meteor.js (Less than 1 year), Loopback Strongloop (1 year), JavaScript (4 years), Jquery (5 years), Bootstrap (2 years), Mysql (5 years), MongoDB (1 year), SCRUM (4 years), GIT (3 years)","Additional Information
EXPERIENCE:  
PHP, Angular.JS, Node.JS, Strongloop, Loopback, Meteor.JS, Cordova, JavaScript, Jquery, Html5, Css e Bootstrap. 
Architecture MVC, Object Oriented Programming,  
Database Modeling. 
Relational and non-relational database: Mysql, Postgres, SQL-Server e MongoDB. 
Agile Methodology SCRUM. 
Versioning system GIT and SVN 
Automation of front-end build with Grunt.","Manaus, AM","Idaam Manaus, AM && Idaam Manaus, AM && Uninorte Laureate International Universities Manaus, AM && Fucapi Manaus, AM",2016 to 2017 && 2016 to 2017 && 2013 to 2015 && 2008 to 2010,Specialization in MBA - Project Management (Cursing) && Specialization in MBA - Innovative Business Management (Cursing) && Graduated in Analysis and systems development && Technician in Systems development,"Phone: (92) [...] 
Skype: analistaweb"
