CandidateID,Company,Job-Description,Job Title,Job-Duration,Skills,Additional-Info,Location,Institute,School-Duration,Qualification,Resume-Summary
2,"Satya Sistemas - Belo Horizonte, MG && Synopsys - Belo Horizonte, MG && MAV Tecnologia - Belo Horizonte, MG && UFMG - Belo Horizonte, MG","Breve: Atuei no desenvolvimento e na manuteno de um sistema Java / JSF. 
 
Detalhado: Trabalhei na manuteno e no desenvolvimento de novas features de um sistema de gerenci- amento de informaes laboratoriais (em ingls, LIMS). O sistema foi desenvolvido em Java, utilizando a biblioteca JavaServer Faces (JSF) e o Hibernate, e foi desenvolvido utilizando excelentes padres de projeto, o que permitiu que meu trabalho fosse bem fluido. && Breve: Atuei no desenvolvimento de ferramentas em C++ e Python para uma multi-nacional da rea de Electronic Design Automation (EDA) (Synopsys). 
 
Detalhado: 421 Tech e uma empresa fundada para atuar como contractor da Synopsys - uma empresa 
lder em Electronic Design Automation (EDA). Fui contratado logo na fundao da empresa, convocado por um professor meu que estava procurando recrutar estagirios o mais breve possvel. Meu tra- balho inicialmente era estudar um dos sistemas da Synopsys - neste caso, um emulador de hardware chamado ZeBu - a fim de auxiliar no desenvolvimento de novas ferramentas para o mesmo. Como a 
421 Tech foi a primeira empresa vinculada  Synopsys no Brasil, quase todo o nosso trabalho era em ambiente remoto (no terminal da Synopsys) e em constante contato com equipes de diversos pases 
(principalmente India). Foi um trabalho interessante especialmente no que se refere ao contato con- stante com estrangeiros, e cheguei a trabalhar na prpria sede da empresa em Mountain View em 
janeiro deste ano, onde me foram atribudas tarefas mais relevantes como automatizar o binding de bibliotecas C++ para TCL. && Breve: Atuei em diversos projetos do setor de desenvolvimento da empresa, em um ambiente de alta produtividade, trabalhando com back ends em C++, Lua e PHP, front ends em Java e Bootstrap, bancos de dados SQL e NoSQL (MongoDB) e com ferramentas como o Git, Gerrit (code review) e o JIRA. 
 
Detalhado: MAV Tecnologia e uma empresa que desenvolve ferramentas de segurana web e prov um servio de e-mails chamado Supramail. Fui contratado pela empresa para trabalhar em uma com- pleta reformulao do Supramail, cujo era por eles considerado mal projetado. Atuei tanto no projeto quanto no desenvolvimento do novo sistema, que foi desenvolvido utilizando uma API proprietria em C++ com bindings para Lua que continha inmeras ferramentas de networking, bancos de dados, criptografia, compresso, logging, multi-threading, encoding, etc. O front end foi inteiramente desen- volvido em Java. Como se tratava de um servio em massa, havia tambem uma equipe independente 
que trabalhava na infraestrutura Linux do cluster onde o servio seria colocado no ar. Trabalhvamos em sprints de duas semanas utilizando o Git para o controle de verso e o Gerrit para code review. 
Desenvolvemos servidores HTTP e SMTP do zero, bem como proxies IMAP e POP3. Aps a entrega do Supramail a dedicao da equipe era dividida entre duas tarefas: a manuteno do Supramail e o desenvolvimento do novo ERP da empresa utilizando PHP e Boostrap. Por fim, aps a entrega do ERP, ficamos a cargo de expandir as features do Supramail e lanar novas verses. Trabalhar na MAV foi uma experincia muito gratificante e que me rendeu grande parte dos conhecimentos que tenho hoje. && Breve: Atuei no desenvolvimento de ferramentas em Perl e C++, bem como no desenvolvimento de um software completo em Qt. 
 
Detalhado: Atuei no desenvolvimento de um conjunto de ferramentas para processar arquivos de de- scrio de protenas, inicialmente desenvolvidas em Perl. Com o tempo, no entanto, sentimos que seria necessrio maximizar o desempenho das ferramentas uma vez que milhares de arquivos deveriam ser processados. Decidimos reescrever as ferramentas em C++ e implementar uma interface grfica em Qt integrando todas as ferramentas. O resultado final e um software chamado PDBEST (PDB Enhanced Structures Toolkit), que foi publicado na Bioinformatics de Oxford.",Java EE Developer && Software Engineer Intern && Analista de Desenvolvimento && Bolsista de Iniciao Cientfica,May 2016 to October 2016 && October 2015 to March 2016 && November 2012 to April 2014 && September 2011 to November 2012,"Java (2 years), C++ (4 years), Qt (3 years), Lua (2 years), JavaScript (2 years), PHP (2 years), JSF (1 year), Web Services (3 years), HTML (2 years), CSS (2 years), jQuery (1 year), Bootstrap (2 years), GWT (2 years), Git (3 years), Scrum (2 years), MySQL (2 years), MongoDB (1 year), Apache (1 year), JIRA (1 year), Linux (4 years)",None,"Belo Horizonte, MG",UFMG,July 2017,Bacharelado in Cincia da Computao,None
5,"JungleCoders - KohTao, Thailand && Empresas && Miles 33 - Belo Horizonte, MG && (Android) para empresa Usiminas && Selenium","Android developer && trabalhando). 
Levantamento dos requisitos, estudo da viabilidade de software e desenvolvimento da parte mobile 
(em Android) do Dengue Report 2.0. 
O sistema consiste na evoluo do sistema antigo, que e mantido ate hoje, para um formato mais moderno utilizando da plataforma Android como ""coletor de dados"". 
Alem disso, o sistema se comunica com um banco de dados Mongo e tem seus dados exibidos em forma de sistema Web em Angular JS. 
 MILES33, Analista de Sistemas, 07/2012. Trabalho com desenvolvimento e manuteno de sistema de noticias para industria jornalistica brasileira, usando Java EE e Scrum && Responsabilidades 
Trabalho com desenvolvimento e manuteno de sistema de noticias para industria jornalistica brasileira, usando Java EE e Scrum. 
 
Realizaes 
Desenvolvimento da integrao do sistemas com os bancos Oracle e SQLServer, ajudando no faturamento das empresas e facilitando a contabilidade && Criao de um sistema mobile (Android) para empresa Usiminas. 
Sistemas em CSharp para automatizao do trabalho, criando robs, para Win Mobile 6.5 e manuteo 
do sistema web. 
 ALGAR Tecnologia, Desenvolvedor, 06/2010. 
Sistema web Permissionrios em JCompany, Structs, Jsf, Birt, Hibernate e Oracle. 
Sistema web Smodo em JCompany, JavaScript, SqlServer. 
Sistema Android com aplicaes para o Governo de MG. 
 IBM, Operaes, monitorao de sistemas, 07/2009. 
Monitora de contas Globais como(Panasonic, Ace, Williams, Hicahi) uso do Ingls constantemente. && Testes funcionais do Sistema da Imprensa Oficial, utilizando Java, PHP, Xml e FrameWork ArangiTester(Selenium).","Android Developer && ECOVEC, Analista de Sistemas && Desenvolvedor Java && Analista de Sistemas && LCC, Tester do sistema da Imprensa oficial",July 2015 to Present && April 2015 to April 2015 && April 2012 to April 2015 && May 2011 to May 2011 && February 2009 to February 2009,Java Avanado,None,"Belo Horizonte, MG","PUC_MG Belo Horizonte, MG",2006 to 2010,Graduao in Cincia da Computao,None
7,"Consignum - Cuiab, MT && DATAPREV-Empresa de Tecnologia e Informaes da Previdncia Social && SEDTUR && Jornal ""O Documento""","Desenvolvimento de software, com Java, banco de dados PostgreSQL, MySQL e JBoss. && None && None && None",Programador Java Pleno && Suporte Tecnico && Secretaria de Estado de Desenvolvimento do Turismo && Auxiliar operacional tecnico de edio,September 2014 to June 2016 && 2012 to 2013 && 2011 to 2012 && 2008 to 2009,"Programador Java (2 years), Suporte Tecnico (1 year)","Additional Information
Curso de Formao Java developer with JSF (2014) -TDS 
 
Conhecimentos 
 
Linguagem de programao: JAVA utilizando JSF, PrimeFaces, RichFaces, Jboss seam, JPA e web service. 
Banco de dados: MySQL e PostgreSQL.","Vrzea Grande, MT","UNIVAG Vrzea Grande, MT",January 2010 to January 2014,Bacharelado in Sistema de Informao,None
8,"GFT TECHNOLOGIES - Curitiba, PR && VISIONNAIRE INFORMTICA S.A. - Curitiba, PR && i-Serv Consultoria Empresarial Ltda. - Curitiba, PR && Partec Tecnologia Ltda. (Softpar) - Curitiba, PR && HSBC Global Technology Brazil - Curitiba, PR && WB4B Negcios Online - Curitiba, PR && Unisistemas - Curitiba, PR","- Projeto no Banco UBI: cidade de Bergamo, Itlia. 
- Tecnologias: Java EE e servios legados (middleware). && Responsabilidades: 
- Desenvolvimento, manuteno e suporte em aplicaes Java EE. 
 
Habilidades: 
- Ferramentas utilizadas: Eclipse, Maven, e Bitbucket (Git/Jira) como repositrio. 
- Tecnologias: Java EE (JSP/Servlet), JPA, JSF e Javascript. 
- Banco de dados: Oracle e MySQL. 
- Servidores de aplicao: JBoss (WildFly) e Tomcat 7. 
 
Realizaes: 
- Treinamento da ferramenta de gesto de processos de negcio Atos BPM, da empresa Lecom. 
- Refactoring do ""front-end"" da aplicao CMS WebPublication. / Objetivo: renderizar pginas em HTML5. / Tecnologia utilizada: arquitetura legada. && Responsabilidades: 
- Desenvolvimento de aplicaes e servios para Internet utilizando tecnologias inovadoras. 
 
Habilidades: 
- Ferramentas utilizadas: Eclipse, Maven e GitHub como repositrio. 
- Tecnologias: Spring, AngularJS, Web Service RESTful, JSON, JPA com Hibernate. 
- Banco de dados: MySQL. 
- Cloud computing: Amazon Web Services (AWS). && Responsabilidades: 
- Trabalhei no desenvolvimento, manuteno e suporte em aplicaes modulares em Java FX e Web Services; 
- Desenvolvimento, manuteno e suporte em procedures e SQL Standard; 
 
Habilidades: 
- Banco de dados: SQL Server, PostgreSQL e Sybase. && Responsabilidades: 
- Trabalhei junto a equipe de servios do Portal de Seguros e Previdncia. Os servios do portal so orientados a tarefas (BPM) e baseados em tecnologias, como: XML-RPC, Web Services, JMS, Spring Templates, arquitetura em camadas (BO, Service, DAO, VO/DTO, Factory) e banco de dados Sybase; Testes unitrios com JUnit e Mockito. 
 
Realizaes: 
- Participei do projeto do portal durante o desenvolvimento web. Usei tecnologias baseadas em Spring e JSF; 
- Participei tambem na execuo de testes da aplicao, das etapas de SIT e UAT; 
 
Habilidades: 
- Ferramentas utilizadas: HP Quality Center, IBM Rational Application Developer (RAD), IBM WebSphere Application Server (WAS) e IBM WebSphere Portal (WSP). && Responsabilidades: 
- Suporte de aplicao Web para auditoria, faturamento e guias medicas no padro TISS da Agncia Nacional de Sade; 
 
Realizaes: 
- Realizei manuteno de aplicao Web para auditoria, faturamento e guias medicas no padro TISS da Agncia Nacional de Sade; 
 
Habilidades: 
-Tecnologias utilizadas: PHP/MySQL, JavaScript e AJAX. Utilizei plataforma Linux e repositrio GitHub (GIT). && Realizaes: 
- Programei sistemas financeiros p/ web utilizando tecnologias Java J2EE. Foram: SimecNET2 e SaqueNET, os quais utilizavam banco de dados, Oracle e Firebird (Open Source), respectivamente. 
 
Habilidades: 
Usei frameworks como: JSF, Richfaces, Primefaces, Spring, Hibernate, relatrios em JasperReports (iReport) e boletos bancrios (JRimum). Servidor de aplicao Web Tomcat, Web Services (SOAP) e arquitetura de sistemas em camadas.",Programador Java Snior && Analista de Sistemas Java && Analista de Sistemas Java Snior && Analista de Sistemas (Java Pleno) && Analista de Software Jnior && Programador Web && Programador Pleno,September 2016 to Present && December 2015 to August 2016 && August 2015 to November 2015 && April 2015 to July 2015 && October 2012 to March 2015 && June 2012 to September 2012 && February 2011 to May 2012,"Ingls Avanado, Italiano Fluente, Java, Hibernate, J2EE, JSF, Spring, PHP, MySQL, Eclipse, UML, JPA, Service Layer, JDBC, SQL, EJB, JSP/Servlets, Web Services, jQuery, JavaScript, Dreamweaver, NetBeans, Firebug, Corel Draw, Microsoft SQL Server, Oracle, SQL, Firebird, OOP, Web Applications, Microsoft Access, VBA, Visual Basic, JRimum, iReport, Jasper Reports, MVC, Test Planning, JUnit, Mockito, Microsoft Office 365, Google Drive, Google Analytics, Google Adwords, OneDrive, GitHub.","Additional Information
Possuo formao universitria em engenharia pela UFPR, experincia profissional em informtica e vivncia no exterior do pas (Itlia e Inglaterra). Especializaes em Informtica e Tecnologia Java pela UTFPR. Conhecimento prtico em lgica de programao orientada a objeto, estruturada, UML e banco de dados (MS-Access, SQL Server, Firebird, MySQL, Oracle e linguagem SQL).","Curitiba, PR","Universidade Tecnolgica Federal do Paran Curitiba, PR && Festo Italiana - UFPR - Centro de Cultura Italiana Curitiba, PR && Universidade Federal do Paran Curitiba, PR",2007 to 2008 && 2000 to 2001 && 1991 to 2000,"Especializao in Especialista em Tecnologia Java, Desenvolvimento de Sistemas && Tecnico in Operador em Informtica, Especialista CAD/CAE, Setor Automotivo && Graduao in Engenheiro Qumico, Engenharia",None
13,"Accenture / Vivere Brasil - So Paulo, SP && Stefanini IT Solutions - So Paulo, SP && Magna Sistemas e Consultoria. - So Paulo, SP && Telecomunicaes de So Paulo S/A - So Paulo, SP && IPT - So Paulo, SP","Atuaou no back-end e front-end do projeto de credito imobilirio e automotivo para instituies bancrias. 
Ferramentas / Tecnologias 
IDEs: Atom, Visual Studio Code, Eclipse Neon. 
Servidores Tomcat. 
Integrao de sistemas via servios RestFull / SOAP 
Utilizao do NodeJS, AngularJS, Java, Spring, Oracle. 
Metodologia Scrum para criao de projetos. && Responsabilidades 
Desenvolvedor nodejs, react, para sistema de originao de documentos via OCR. 
 
IDEs: 
Elipse luna, Atom, Visual Studio Code.. 
 
Ambientes do sistema: 
Spring boot, Jboss, Nodejs, Servios Rest, PostgreSQL, Mongodb. && Atuou como liderana de equipe (2 anos) no desenvolvimento de sistemas, atuando nos projetos: Banco do Povo Paulista (microcredito), Emprega So Paulo (empregos), PEQ, Via Rpida (empregos) e Audesp (auditoria do tribunal de contas do estado de So Paulo).  
Ferramentas / Tecnologias: 
IDEs RAD v8.0, Eclipse Luna. 
Websphere v6.0/7.0/8.0, JBOOS 6.0. 
WebService, para consulta Cadin. 
Sockets para comunicao Banco do Brasil. 
Banco de dados MS SQL Server 2008 e Postgres 9.0. 
Struts 1.2, Hibernate 2.0, EJB 2.0. 
Trocas de mensagens assncronas, via JMS. 
Deploy via Jhyton (Phyton rodadando em JVM) no suite control - M da IBM. 
Customizao de Chat em PHP usando o framework WEBIM. 
Metodologia RUP / Scrum para manuteno e criao de projetos. 
Verificadores de cdigo PMD && Levantamento de Requisitos e Documentao de Sistemas utilizando-se do RUP IBM.  
UML e confeco de Diagramas de caso de uso, estado, classes, seqncia e etc.  
Interface WEB pra Usurios usando JSP, HTML, CSS e JavaScript.  
Tomcat 5.x e 6.x.  
Modelagem de Banco de dados.  
Banco de dados MS SQL Server.  
Stored Procedures, Views, Triggers, DTS, Schemas e etc.  
Struts 1.x e 2.x, Hibernate, Servlets, JDBC.  
Sistemas para a rea de operao local e regional (Brasil e America Latina).  
Gerenciamento de Servidores Windows Server, Linux.  
Ferramenta de Desenvolvimento Eclipse 3.x  
 
Atividades:  
Integrante do comit de implementao da metodologia RUP no cenrio de desenvolvimento de sistemas da empresa.  
Concepo e desenvolvimento de sistemas para telecom, tais como bilhetadores,  
multimedio e controle de obras, usando cliente / servidor web na plataforma java.  
Automao de processos de manuteno preventiva e corretiva em matrizes de comutao analgicas, programao de juntores de sinalizao R2 digital e nmero 7,  
criao de DDRs digitais para empresas nas centrais pblicas, CPAs (Centrais por  
Programas Armazenados) utilizando-se de linguagem C. && Responsabilidades 
Pesquisador e desenvolvedor nas interface de troncos em central trpico RA. 
 
Realizaes 
Laudos tecnicos para empresas no momento da privatizao das Telecons em chamadas a distncia como voz sobre IP.",Software Developer && Desenvolvedor Sr && Desenvolvedor Java Snior III / Lider Tecnico && Analista em Telecom e TI && Pesquisador e desenvolvedor,March 2016 to September 2016 && September 2015 to November 2015 && October 2009 to July 2015 && February 2001 to September 2009 && February 2000 to February 2001,"Espanhol e Ingls intermedirio / Ferramentas M.S. Ofiice / Linux / Windows / GIMP para desenho de WEB / Inkscape, Eclipse, RAD, JAVA, JAVASCRIPT, NODEJS, GIMP, BLENDER (10+ years)",None,"So Paulo, SP","Univali/Unitins So Paulo, SP",2008 to 2010,Tecnlogo em Anlise e Desenvolvimento de Sistemas in Desenvolvimento de Sistemas,"Desenvolvedor VB, Javascript, java, Nodejs, AngularJS."
15,"Controlux - Porto Alegre, RS && AlphaPark Estacionamentos - Porto Alegre, RS && Grupo Isdra - Porto Alegre, RS","Autnomo na manuteno de software utilizando plataforma c# e pl/sql && Alpha Park tive obrigaoes como Lider Operacional e Acessor administrativo onde exerci as seguintes responsabilidades: 
 
Lider Operacional : 
 
* Gerenciava equipes de Valets/Manobristas e caixas com suas determinadas qualidades para os estacionamentos onde teriam melhor utilidade e eficiencia 
* Fechamento de Caixa 
 
Acessor Administrativo: 
 
* Lanamento e controle de notas fiscais 
* Controle de faturamento diario/semanal/mensal 
* Oramentos  
* Compras 
* Lanamentos de contas a pagar/receber 
* Anncios e propagandas 
* Auxilio no planejamento do processo funcional administrativo e operacional  
* Markup && Responsabilidades como estagiario eram : 
*Auxiliar na construo/ atualizao de sites utilizando html e css. 
*Ajudar na construo e de atualizao dos softwares, e pesquisa do banco de dados Sql(Postgree) para gerar relatorios",Developer && Lider Operacional/Acessor Administrativo && Estagirio TI Desenvolvimento,October 2014 to March 2016 && October 2013 to October 2014 && None,"Microsoft Office, Microsoft Excel, Microsoft Power Point, Ingls Intermedirio, Espanhol Avanado, HTML Bsico, JavaScript Bsico, CSS Bsico, C#, SQL Bsico, Java Bsico",None,"Porto Alegre, RS","Senac Porto Alegre, RS && FTEC Porto Alegre, RS && Target Trust (cursando) Porto Alegre, RS",January 2016 to January 2017 && 2014 to 2015 && None,Ensino Superior (Cursando) in Analise e Desenvolvimento de Sistemas && Ensino Superior Incompleto in Marketing && Especializao in Desenvolvimento de software,None
16,"Meta, Campania && Salvador City Hall && Stefanini && Unitech && None","Responsible for: 
* Understands customer's requirements; 
* Designs and gives solutions for client's needs; 
* Provides technical support and direction to the team; 
* Provides cost and effort estimatives; 
* Creates and monitors the project schedule; 
* Implements the system functions that are under my responsibility; 
* Interacts with multiple departments within the company to solve problems and increase the team 
productivity. 
 
Technologies that I work with: 
 
Pgina1 
Programming language: Java, Servlets, JSP, JavaScript, HTML, XHTML, XML, SQL, Oracle PL/SQL, EJB 
3.0, ActionScript 3, Shell Script 
Frameworks: Struts, JSF 
Data Base: Oracle 
Web Applications Server: Tomcat, WebLogic 
Tools: Eclipse, SQL Developer, SQL Data Modeler 
Version Control System: Git, SVN 
 
I'm responsible for develop new features and maintain the features three applications: 
1) A web application that manages the clients list waiting for attendance of a huge telecommunications 
company. There are more than 1000 stores in the country using this applications daily. Besides that, this 
system provides indicators to Anatel (organization responsible for supervise all telecommunications 
companies in Brazil). There are more than 15000 simultaneous users using this web application. 
 
2) A web application that controls the IT financial budget. There are a lot of integrations with SAP via RFC 
(Remote Function Call) and a comparison with CAPEX and OPEX lines. 
 
3) A web application that makes a bridge between SAP (FI) and a Java Web Application to show payments to suppliers of a big telecommunications company. Besides that functionality, this application makes a bridge between the SAP HCM to manage the supplier's employees. && I was responsible for: 
* Understands customer's requirements; 
* Designs and give solutions for client's needs; 
* Provides technical support and direction to the team; 
* Provides cost and effort estimatives; 
* Creates and monitors the project schedule; 
* Implements the system functions that are under my responsibility; 
* Interacts with multiple departments within the company to solve problems and increase the team 
productivity. 
 
I had worked with: 
Programming language: Java, Servlets, JSP, JavaScript, HTML, XHTML, XML, SQL, Oracle PL/SQL, EJB 
3.0, ActionScript 3, Shell Script 
Frameworks: Struts, JSF 
Data Base: Oracle 
Web Applications Server: Tomcat, WebLogic, JBoss 
 
Pgina2 
Tools: Eclipse, SQL Developer, SQL Data Modeler 
Version Control System: SVN, CVS 
 
I was responsible for develop new features and maintain the features two applications: 
1) A web application that manages the clients list waiting for attendance of a huge telecommunications 
company. There are more than 1000 stores in the country using this applications daily. Besides that, this 
system provides indicators to Anatel (organization responsible for supervise all telecommunications 
companies in Brazil). There are more than 15000 simultaneous users using this web application. 
 
2) A web application that makes a bridge between SAP (FI) and a Java Web Application to show payments to suppliers of a big telecommunications company. Besides that functionality, this application makes a bridge between the SAP HCM to manage the supplier's employees. && My responsibilities at this position was: 
* Develop web applications with JAVA 
* Maintain these web applications 
* Debug and test the code 
 
I had to use at this job: 
 
Programming language: Java, JavaScript, JSP, HTML, XML, SQL and Oracle PL/SQL 
IDEs: Eclipse, iReport 
Frameworks: Struts, Hibernate 
Data Base: Oracle, PL/SQL 
Web Applications Server: Tomcat, WebLogic 
Version Control System: CVS && My responsibilities at this position was: 
* Develop web applications with JAVA 
* Maintain these web applications 
* Debug and test the code 
 
I had used at this job: 
 
Programming language: Java, JavaScript, JSP, HTML, XML, SQL and Oracle PL/SQL 
 
Pgina3 
IDEs: Eclipse, iReport 
Frameworks: Struts, Hibernate 
Data Base: Oracle, PL/SQL 
Web Applications Server: Tomcat, WebLogic 
Version Control System: CVS && Desenvolvimento de sistemas na tecnologia JAVA para grandes clientes, tais como, Petrobrs, Companhia 
Vale do Rio Doce e SEFAZ-MG. 
 
I had used at this job: 
 
Programming language: Java, JavaScript, JSP, HTML, XML and SQL 
Tools: Eclipse, iReport, jDeveloper, CVS 
Frameworks: Struts, ADF, jUnit 
Data Base: Oracle 
Web applications server: Tomcat, OC4J 
Version Control System: CVS",Senior Java Programmer Analyst na Indra && Senior Java Programmer Analyst && Java Developer && Java Developer && Java Developer,April 2012 to Present && July 2007 to April 2012 && March 2007 to June 2007 && May 2006 to March 2007 && November 2003 to May 2006,"Java (10+ years), HTML (10+ years), XML (10+ years), JavaScript (10+ years), EJB 2.1 (10+ years), EJB 3 (5 years), SQL (10+ years), PL/SQL (10+ years), JSP (10+ years), Servlet (10+ years), Hibernate (4 years), MySQL (3 years), JSF 2 (6 years), Hibernate (3 years), J2EE (10+ years), Adobe Flex (3 years), Action Script 3 (6 years), Scrum (2 years), Struts (6 years)","Additional Information
Skype: dsvqueiroz","Salvador, BA","Universidade Catolica do Salvador Meta, Campania",2001 to 2006,Bacharelado in Informtica,Skype: dsvqueiroz
19,"Roboticando - Santo Andre, SP && TOTVS - So Paulo, SP && ATECH Critical Systems - So Paulo, SP && ASGA SA - Paulnia, SP && LG Electronics - So Paulo, SP && ERICSSON R&D - Indaiatuba, SP","Develop embedded software solutions using C/C++. 
Develop software in JAVA for Graph Algorithms, Image Processing and Machine Learning. 
Tools: C/C++, JAVA, Arduino, Eclipse, IntelliJ IDEA, Visual Studio 2015, Git, Agile Methods, Python, Numpy, Scipy, Matplotlib, Fuzzy Logic, Neural Networks. && Develop multi-platform software solutions using C/C++ in accordance with requirements and design. && Python and C/C++ software developer for systems simulations. && Embedded software developer for Optical Modens. 
C++, embedded LINUX, SVN. && Mobile software Developer.  
Visual C/C++. && Real Time CDMA Rabio Base System developer. 
C++, ClearCase, ClearDDTS.",Software Developer && Senior Software Engineer && Software Developer && Embedded Software Engineer && Software Engineer && Software Engineer,February 2012 to Present && June 2011 to November 2011 && July 2010 to April 2011 && August 2008 to March 2011 && January 2008 to August 2008 && November 2005 to December 2007,"Matlab (5 years), C++ (8 years), Java (2 years), Image Processing (2 years), Neural Networks (3 years), Fuzzy Logic (3 years), Jira (3 years), Github (3 years), Eclipse (6 years), Visual Studio (6 years), Android Studio (1 year), Intel C++ Compiler (1 year), Intel OpenMP (1 year), OpenCV (1 year), C# (1 year), Scikit-Learn (Python Machine Learning) (Less than 1 year), JetBrains PyCharm (Less than 1 year), Boost C++ Library (1 year), STL C++ Library (1 year)",None,"Santo Andre, SP","UFABC Santo Andre, SP && UNESP-BAURU Bauru, SP && UNESP-BAURU Bauru, SP",September 2015 to September 2018 && March 1999 to October 2002 && March 1991 to December 1997,PhD. Computer Science in Machine Learning && Master Degree in Industrial Engineering in Applied Neural Networks && Electrical Engineering in Control Systems and Electrical Machines,None
20,"CITS - International Centre of Software Technology - Curitiba, PR && Volvo IT - Curitiba, PR && HSBC GLT - Curitiba, PR && Politec Global IT - Recife, PE && Pitang Agile IT - Recife, PE && Sophia Solutions - Recife, PE && Bradesco Bank - Recife, PE","Responsible for the research and development of new technologies. Working with Microsoft Technologies (.Net, Csharp, Unity, MEF) and Java Platform. Also responsible for the software engineering and development of the Smart Grids solutions in a Global IT environment. && Responsible for the development of a diagnostic vehicle solution using the .Net framework with C# as a language to build the core of the application and also Java and a small part of C++, although the C++ part was never changed. To test the code, the team used to use NUnit and Sikuli. The application was a legacy system with a quite coupled code and also it was developed for a specific kind of machine, so, for that reason, it was not so easy to apply some automated tests on that, but, the team applied what was possible and the project achieved a good level of quality. The purpose of the application was to diagnostic the mechanical and electronic engineering of the trucks assembled at Renault Trucks (Volvo Company) in Lyon - France. The application has being maintained in years in a complex architecture with a mix of knowledge of electronic and computing. It was a very good experience, very interesting subject, and very challenging. && Responsible for the software development of the web applications of the investment banking department (Global Banking and Markets - GBM), in London - UK. All of those applications were developed according to the MVC pattern architecture, using Java and its frameworks as Spring MVC, Spring AOP, HIBERNATE, JSF, MAVEN, JBehave, Selenium, FITNesse, JQuery, SQL (Oracle platform) and UML to the modeling. Experienced in systems integration using IBM MQ, and experienced in Web Services, using both SOAP as REST (JSON) as a protocol. There was a project that was important to the bank, where the team had to travel to London to understand all the necessary business rules to develop the application. For the project, the team used the FIT tool to automate the tests and with that, the project achieved a high level of quality, also using CI (Continuous Integration) with Sonar and some techniques like TDD and BDD was essential to start the project in a successful path. There were other interesting projects with this kind of business, particularly in the investment-banking context. In all projects the team used to work following agile techniques and some mainstream techniques as DDD (Domain Driven Design), TDD (Test Driven Design), BDD (Behavior Driven Design), XP (extreme programming) and the last but not the least in importance, the framework SCRUM that really help us to deliver good quality software. This reality of work was significant to the quality of the software. The team really achieved a sustainable pace using principles of Agile Software Development and the projects were very successful, very challenging and rich in terms of technology and process. && Responsible for the requirements gathering, working closely with clients in order to understand better the business and create the use cases used by development team. 
Responsible for modeling systems and its relationship with other systems using UML, also responsible for the software development of several applications of the Tribunal de Contas do Estado de Pernambuco (TCE) and the Tribunal Regional Federal de Pernambuco (TRF). The technology used for both clients was Java and its frameworks as Struts, JSF, JDBC, HIBERNATE, Maven, also JQuery for UI and PL/SQL for the database (Oracle platform). There was a project that the goal was really challenging, it was a legacy system, written in ASP, and the team had the responsibility to do a reverse engineering of all the system. && Worked as a software developer of an international web project from Florida - US, with a complex business rules regarding the home insurance domain. The purpose of the application was to give a detail report that is necessary to show to the US government when it happens natural disasters and the citizen have some losses. The application was developed using the Java technology and its frameworks as JSF, HIBERNATE, Maven, IReports, and used JavaScript for UI and MySql for the database. To automate the tests the team used JUnit. It was a great project, good experience, good people and a very successful project. 
Also responsible for the internet applications development of the Yahoo's company. Worked as a developer in a big project, the China Olympic Games project that was implemented used the PHP technology and Perl. Our client was in Miami - US. It was a good project, with many contacts with people from other countries. This project was very rich in terms of culture and programming as well, and it has achieved a very successful target. && Responsible for the software development of a system where its purpose were the automation of the payment process for coffee shops in universities and schools using for that smart cards to avoid queues. This project was very interesting; the technology used to develop it was the .Net framework using the VB.Net and C# languages, also SQL for the database (MS SQL Server platform) and also ASP.Net and AJAX for UI. It was very challenging project because it was not just a simple web application but there was some communication with the physical tokens, those tokens were fixed in the school places and the software on it was written in Delphi, so, it was necessary to create a Web Service to enable the communication between the tokens and the web application The project was very successful. It was shown on national TV news and local newspapers as well. && Responsible for analysis of the portfolio of accounts payable and responsible to all kinds of financial tasks for operating a bank. A period of much learning regarding the administration, commitment, respect, corporatism, among other values. A very important learning for my entire career.","Software Developer, Global R&D && Application Developer && Senior Software Analyst && System Analyst && Software Engineer && Developer - Internship && Executive Cashier",December 2015 to Present && July 2013 to March 2015 && August 2010 to June 2013 && September 2008 to August 2010 && December 2007 to August 2008 && September 2005 to October 2007 && August 2001 to March 2004,"JAVA, SWING, JSF, JPA, Hibernate, Spring MVC, JSP, JMS, Servlets, JUnit, JMock, .NET, C#, VB.NET, Windows Forms,WPF, WCF, ASP.NET, NHibernate, Moq, AJAX, HTML, CSS, ANT, MAVEN, HTTPUnit, EMMA, JavaScript, JQuery, PHP, Ruby, Python, XML, XSLT, XPATH, Eclipse, MyEclipse, Visual Studio 2005/2010, Mono IDE, Team Foundation Server, Rational Team Concert, Rational Software Architect, Clearcase, Visio, Jude, Oracle, SQL-Server, MySQL, WebSphere Application Server (WAS), IIS, Apache Tomcat, JBoss, PMBOK, RUP, Lean Software Development, Kanban, SCRUM, XP, DDD, TDD, FDD, AngularJS","Additional Information
Overseas Experience: 
 
UK (English course/Upper-Intermediate and Advanced english classes) held at Edwards Language School 
UK (Business Training/Investment Banking business knowledge) held at HSBC London 
 
Courses: 
 
Advanced Java (J2SE,J2EE) - Qualiti 
Core Web Application with Microsoft Visual Studio 2005 (Microsoft Course) - LanLink 
Advanced Web Application with Microsoft Visual Studio 2005 (Microsoft Course) - LanLink 
SCRUM Framework - C.E.S.A.R 
Workshop for reuse in software - WIRE (C.E.S.A.R)","Curitiba, PR","Recife Center for Advanced Studies and Systems Recife, PE && Faculdade Marista Recife, PE && Universidade Catlica de Pernambuco Recife, PE",2009 to 2010 && 2004 to 2009 && 1998 to 2001,Master of Business Administration (MBA) in Agile Project Management && Bachelor of Technology (B.Tech.) in Internet Systems Development && Bachelor's degree in Computer Science,None
21,"Fabulare Publicidade e Propaganda - Mogi Guau, SP","Desenvolvimento de Design Publicitrio e aplicativos corporativos em plataforma Android nativo/ Java , AndroidStudio e Design. 
WebDesigner / Wordpress / PHP.",Android Developer,January 2013 to July 2016,"Android Nativo em Java (4 years), Java Avanado (4 years), C Intermedirio (1 year), PHP Intermedirio (1 year)","Additional Information
 Desenvolvimento Apps Android nativo: 
IsyFood - Plataforma para pedidos e delivery online, integrada a GoogleMaps, Parse e checkout transparente. 
Cycler - Plataforma para pedidos de servios motoboy online, integrada a GoogleMaps, Parse e checkout transparente. 
Candidato Messenger - app para candidatos nas eleies 2016, integrao com redes sociais. 
EsteticHouse - app corporativo para setor de estetica feminina. 
 
Social Network: https://br.linkedin.com/in/malcoln-gomes-094b1b111","So Paulo, SP","UNIP - Universidade Paulista SP So Paulo, SP && Technical School State / Pedro Ferreira Alves / Brazil && RL System School && Conectiva Linux School",November 2017 && 2002 to 2005 && None && None,Bacharel in Anlise e Desenvolvimento de Sistemas && Mechanical Technician && None && None,Android/Mobile Developer / Development Analyst / Team Leader
22,BANCO DO BRASIL && STEFANINI IT SOLUTIONS,"Development and maintenance of projects in Java EE and COBOL. 
$ Systems integration and development of IT infrastructure operations. 
$ Participation on the development of a global payment integration solution for one of the largest banks of 
Latin America. 
 
Main Java Projects Implemented: 
$ ORE: Web based system for receiving payment orders from abroad, which automated foreign payments 
receiving process, being it SWIFT or WESTERN UNION. 
$ OPE: Web based system for issuing payments for abroad, automating the process (SWIFT or WESTERN 
UNION). 
$ EXF: Web based system to automate export funding process. 
$ TMS (Treasury Management System): a global treasury management system, comprising a complex set of systems and business rules, including international payments, combined with a web interface that 
provides a management environment. && Development and maintenance of projects in Java, data modeling and requirement analysis; 
$ Participation on the development of projects from the Federal Police, Interpol and CEF (Brazilian Bank). 
 
Main Java Projects Implemented: 
$ CEF: Budget control and monitoring system, which improved the control of expenses through budget 
reports and a real-time web platform. 
$ Interpol: Documents and messages management system, which enabled the control of mailing 
exchanged between Brazilian Federal Police and agents in other countries, including the system 
internationalization and translation in six languages. 
$ Federal Police: development of a system to manage the Federal Police agents' missions, and an electronic clock-in system to control the staff's working hours.",Full Stack Developer && JAVA DEVELOPER,November 2012 to Present && February 2011 to August 2012,"Java (5 years), J2Ee (5 years), Sql (5 years), Oracle (3 years), Mysql (5 years), Eclipse (5 years), Json (5 years), Angularjs (1 year), JSF (4 years), CDI (2 years), JAX-RS (1 year), Maven (4 years)","Additional Information
EXPERTISE SHOWCASE 
 
Java: Eclipse and NetBeans IDE's, JSF, RichFaces, PrimeFaces and Ajax, Struts, Seam, Hibernate JPA, EJB, 
iReport and JasperReports, Maven. 
 
Integration: Java-COBOL integration via XML and CICS; SOAP, XML, XSD and WSDL, JMS and MQ queues, 
SVN, CVS, Jazz and ALM, besides Hudson and Jenkins continuous integration, Artifactory, Achiva and RAM as 
maven repositories. 
 
Web: AngularJS, JavaScript, Jquery, CSS, HTML, XHTML, JSP, JSPX, besides Jboss, Weblogic and Tomcat 
application server; 
 
Database: Oracle, MySQL, PostgreSQL, DB2; 
 
Hardware and Automation: Arduino Platform, Physical and Remote Sensing, Preparation and development 
of communication protocols, preparation of electronic circuit boards and integration of wireless technology. 
 
Operational Systems: Linux (Ubuntu) Windows and Mac OS.","Braslia, DF",Brasilia Catholic University && University of Salvador,2015 && August 2008 to December 2010,B.S. in Computer Science && Mecatronic Engineering,"QUALIFICATIONS 
 
# Professional with 5+ years of experience, with focus on Java projects and software development for 
large-sized institutions such as the Federal Police and Interpol, besides banks as Banco do Brasil and CEF 
and international IT companies, such as Stefanini; 
# Excellent blend of technical skills and business acumen; 
# Outstanding problem-solving skills, through systematic methods, ability to work in multitask teams and 
results-driven professional, proven by a wide range of projects successfully implemented; 
# Bachelor degree in Computer Science and fluent English are characteristics that complete my profile."
26,"Wplex - Florianpolis, SC && Webcota - Balnerio Cambori, SC && Videosoft - Balnerio Cambori, SC && Geosapiens - Itaja, SC && Freelance - Balnerio Cambori, SC","Analysis and development of urban transport system, with emphasis on fleet planning, crew, reports etc. 
We are encouraged to involve a cross-functional team working, codes, tests, debugs, implements, and documents programs. Assists in the modification of company products and/or customer/internal systems to meet the needs of the client and/or end-user. 
Some Linux system administration and tools experience (grep, cron, ssh, scp, vi, MySQL), preferably RHEL/CentOS. Comfortable working at the command line. 
 
Programming language: 
- Java 8 SE / Java EE 
 
I perform operations directly with Linux / Server when necessary. && I participated from the beginning of the project as a Software Engineer, helping to build the software following the best practices. 
Webcota is an online software where users compete for bids, can manage them and with software, take advantage of other buyers because the software provides an excellent extra tool to manage bids, before, during and after the purchase. 
 
Currently the system was closed to the public and is only used internally by the company. 
WebCota was a Startup Company. 
 
Programming language: 
- Java 7 SE / Java EE 
- PHP && Researches and analyzes existing systems and program requirements, under periodic supervision. 
I participated in the creation and maintenance of systems used by terminals TouchScreen, such as: 
- TotemRecarga (system for mobile recharge) 
- AdegaDigital (wine system for supermarkets) 
- ReceitaDigital (system for recipes for supermarkets) 
 
Programming language: 
- Java 
- PHP 
- C++ 
Use of tools such as: 
- Maven 
- Artifactory 
- Jenkins 
Databases: 
- PostgreSQL 
- H2 
- SQLite && Participation in the development of the Project ""BAHIA PESCA"" design (control system logs and monitoring forest companies). Always seeking for the design patterns and doing the best practices. 
 
Programming: 
- PHP 
- Java 6 
- Action Script 
Databases: 
- PostgreSQL 
- SQL Server 
- MYSQL && I worked in a new private project to a custumer, using Java Swing and MySQL database. This project is a control management system and finance specific to the rules of the customer. 
In the second business was a Beauty Salon Management System, where I sold to some beauty salons. 
 
Programming language: 
- Java 6 
- PHP 
Databases: 
- H2 
- MYSQL",Software Developer && Software Developer && Software Developer && Software Developer && Software Developer,February 2014 to Present && June 2013 to January 2014 && October 2011 to July 2013 && April 2009 to April 2011 && January 2008 to April 2009,"Java (7 years), Maven (5 years), Jenkins (5 years), Agile (5 years), Git (5 years), PHP (4 years), MySQL (7 years), Oracle (3 years), REST API (4 years), Jboss (4 years)",None,"Florianpolis, SC","Univali University Itaja, SC",2008 to 2013,Bachelor in Computer Science,"Dear Sir/Madam, 
 
Information Systems Technician and Bachelor of Computer Science. Several years of experience in software development for kiosks, including backend and frontend development, product catalogues and payment apps, monitoring systems. Organizational competencies: Analytic thinking, planning, quick adaptation to changes, collaboration, innovation, courage to face challenges. No matter the nationality, most people are honest and trustworthy. 
 
I have the European Passport. 
 
Yours faithfully"
27,"IBM BRASIL - INDSTRIA, MQUINAS E SERVIOS LTDA - So Paulo, SP && Atlantic Solutions - So Paulo, SP && Pandata Informtica - So Paulo, SP && FIAP - So Paulo, SP && Logica America do Sul","Atuao como desenvolvedor em projeto IBM de Novo Internet Banking do Ita, com equipes multi-disciplinares e uso de metodologias de desenvolvimento geis. Uso para isso tecnologias como: 
-Rational Team Concert (Versionamento) 
-Jenkins (Integrao Contnua) 
-Eclipse 
-SonaType Nexus (repositrio de dependncias) 
-Sonar (qualidade de cdigo) 
Uso tambem os seguintes frameworks/linguagens para desenvolvimento: 
-Java EE 
-JUnit (testes unitrios) 
-Spring MVC Web 
-JBoss 
-Maven 
-Jersey && Responsabilidades 
Desenvolvimento de Mdulos e Correes de defeitos (Bug) de aplicao Java Web usada pelo cliente SPPREV - So Paulo Previdncia. && Trabalhei com tecnologias JSE (JFrame), Framework Collections e Android. Todas as atividades foram voltadas para o Mercado Financeiro. && Trabalhei em um projeto acadmico, mas com fins comerciais, de um sistema de catlogo de empregos. No processo de levantamento de requisitos e engenharia de software 
utilizando Use Case e Diagrama de Classes, na modelagem de Banco de Dados utilizando o 
Oracle Data Modeler e o Developer, na fase de documentao (criao do escopo, plano de riscos, etc) utilizando tecnicas do PMI e na fase de programao a IDE Eclipse, JEE 6 e o 
servidor web Tomcat 7, seguindo o padro MVC e Design Pattern, sendo que a camada 
backend e composta pelo framework Hibernate atraves da especificao JPA e a camada 
frontend o framework Mojarra 2 atraves da especificao JSF2, alem de ajustes de layout 
com CSS, javaScript e Primefaces. && Trabalhei na integrao de SAP com outras tecnologias atraves de SAP Netweaver e tambem com conceitos de SOA em aplicao de simples ""de/para de arquivos"" de solicitaes atendidas em aplicao com filas paradas. No projeto SAP Netweaver 
experimentei Java Web (1 ano de experincia) e ABAP OO, Requisitos Funcionais e mdulo 
CCS. Todas as atividades foram voltadas para o Mercado de Energia e Utilities.",Desenvolvedor Java && Desenvolvedor Java Jr && Programador Java Trainee && Programador JAVA - FreeLancer && Gestor de Aplicaes SAP,May 2015 to Present && July 2013 to September 2014 && March 2012 to January 2013 && November 2010 to December 2011 && August 2010 to December 2011,"Android Developer (1 year), Objective-C Bsico, Java Intermedirio (4 years), SQL Intermedirio (1 year)",None,"So Paulo, SP","Faculdade de Informtica e Administrao Paulista So Paulo, SP && Faculdade de Informtica e Administrao Paulista So Paulo, SP",2013 to 2014 && 2010 to 2011,Ps Graduao in Desenvolvimento de Aplicaes Java - SOA && Systems Analysis,None
29,"Sede Info && Ci&T - Campinas, SP && OWN Web & Mobile - Campinas, SP && Agenzzia - Campinas, SP && PLUS-IT CONSULTING - Valinhos, SP","Responsvel por pesquisar a usabilidade e experincia do usurio final, criar Designs para interfaces com as ferramentas Illustrator e Photoshop, e desenvolvimento Front-End com HTML5, CSS3, LESS, SASS, Task Runners, JavaScript, jQuery e AngularJS. Participei do desenvolvimento Back-End de pginas e sistemas Web utilizando linguagens de programao como Java, NodeJS e PHP. && Colaborei no time de desenvolvimento de cliente financeiro totalmente digital, na implementao de toda a parte Front-End utilizando tecnologas HTML5, CSS3, LESS, SASS, Grunt, Gulp, JavaScript e AngularJS na rea de Internet Banking e Mobile Bank. && Trabalhei com programao Back-End com linguagem PHP, do sistema de emisso de certificados para postos de combustveis do PMQ da empresa RECAP. Tambem desenvolvi Plugins e Temas para WordPress. && Atuei com Design focado em mdias sociais, desenvolvimento de temas e plugins e atualizao de cdigos para diferentes verses da linguagem PHP para o CMS prprio da empresa. && Responsvel pelos layouts, interfaces, experincia do usurio e desenvolvimento de campanhas de email marketing, sites e landing pages para a instituio de ensino Anhanguera Educacional.",Full Stack Developer && Software Engineer && Full Stack Developer && UI/UX e Full Stack Developer && Front-End Developer,2007 to Present && February 2015 to November 2015 && June 2014 to February 2015 && December 2013 to June 2014 && January 2012 to September 2012,"JavaScript (6 years), HTML (8 years), CSS (8 years), LESS (2 years), Java (1 year), UML (1 year), JPA (1 year), Hibernate (1 year), JSP (1 year), EJB3 (1 year), XML (7 years), JSON (3 years), Angular (3 years), SASS (3 years), PHP (5 years), NodeJS (3 years), jQuery (6 years), Gulp (3 years), Grunt (3 years), Bower (3 years), Composer (1 year), Postgre SQL (1 year), MySQL (5 years), MongoDB (3 years), Git (3 years), SVN (3 years), Scrum (3 years), Kanban (4 years), WordPress (5 years), Drupal (3 years), Magento (4 years), Cinema 4D (8 years), Photoshop Avanado (10+ years), Illustrator Avanado (10+ years), CorelDraw Avanada (10+ years), Mac OSX (10+ years), Linux (8 years)","Additional Information
ltimos Projetos: 
https://bitbucket.org/danilocontini/xerografia (AngularJS + Java) 
https://github.com/danilocontini/Swapy (MongoDB + ExpressJS + AngularJS + NodeJS) 
http://original.com.br (AngularJS + Java) 
http://recap.com.br (PHP) 
http://pmq.recap.com.br (PHP) 
http://computarebrasil.com.br (PHP) 
http://proativacobrancas.com.br (PHP) 
http://windoorpvc.com.br (PHP)","Valinhos, SP","Universidade Paulista Campinas, SP",June 2010 to July 2013,Associated Degree in Design Grfico,None
32,"Laboratrio Bridge - Florianpolis, SC && Catnigiri - Florianpolis, SC && SCGames - Florianpolis, SC && Nmera - Florianpolis, SC","Develop a system to the Brazilian health ministry (SISMOB), a java web application with Vaadin that monitor all constructions made, it has also an app version for android. 
We have a team of 30 members, each one of us has to work on every part of the system, from the front-end to back-end.  
The synchronization between the app version and the web version felt under my responsibilities, I'm using REST to handle the communication between then. && Responsibilities: 
Has the only programmer at the company my tasks would change from build games to setting up the revision control server. 
 
Accomplishments: 
Build 2 games prototypes in the little period I stayed in the company. Unfortunately they wanted me to work full time and that was interfering with my collage grades, my only option was to leave the company. 
 
Skills Used 
Programming(C#), Game Design && Responsibilities: 
Teach how to build games in java to students with age varying from 12 to 19 years old. 
 
Accomplishments: 
Both of my classes where able to completely build 2D desktop games with less than an year course. 
 
Skills Used 
Team communication, programming knowledge(Java) and leadership. && Responsibilities: 
I developed mini games for two educational games(""Libras Brincando"", ""ABC Libras""). 
 
Accomplishments: 
As an intern I shouldn't have to build too many games, but in the beginning of the project one of the two main programmers dropped the project, so half of the work he should do was left to me. I managed to make all his tasks. Unfortunately the company was leaving the game development field, in that time my objective was to work with games so I left the company when all the games were finished. 
 
Skills Used 
Object Oriented Programming(Action Script 3.0), MVC pattern, Team communication",Junior Software Developer && Programmer && Programmer/Teacher && Programmer Intern,September 2015 to Present && June 2014 to November 2014 && June 2013 to June 2014 && February 2012 to December 2012,"Java (3 years), Unity (3 years), Sql (2 years), C++ (Less than 1 year)",None,"Florianpolis, SC","UFSC Floarianpolis, SC && Univali Florianpolis, SC",2012 to 2016 && 2011 to 2013,BSc in Computer Science && Technologist in Digital Games,None
34,"IBM Brasil - So Paulo, SP && Ericsson - So Paulo, SP",Developer of various Java programs for TronWeb System. Developer of various PL/SQL programs for Tronweb System && Design and development of a Java interface between systems using Oracle Coherence. Design and development of variuos PL/SQL programs for VIVO Brasil. Development of various java programs for VIVO Brasil.,Application Developer && Java Developer,November 2015 to Present && June 2012 to November 2015,"Java (4 years), PL/SQL (3 years), SQL (4 years)",None,"So Paulo, SP","UFABC So Paulo, SP",May 2009 to May 2015,BA in Computer Science,None
35,"Bravi Software - Florianpolis, SC && BRy Tecnologia - Florianpolis, SC && UNIVERSIDADE FEDERAL DE SANTA MARIA - Florianpolis, SC","In this company I have had the opportunity to work in several project, some of them to international customers. 
The first project that I have worked was in a game called Qualcomm Quiz. This app is a game with question and answer where one Qualcomm employee can challenge another in different topics. 
 
The second project is called Navita Connect. This app is a device manager and there are two types of profiles. The first one is for the devices users and they can see the average of the bills in the last three months for example. They also can see details of the bill about certain period like costs of SMS, call and data used in this period. The second one is for the manager of the employees. Besides that see the bills of the device them are using there is a screen called manager and in this area they can see information about the devices in general like the number of the devices that the company has, the number of the devices that are in use and others information. 
 
The third project is called FX Mobile and this app offers a lot of metrics to different type of profiles like owner of one store, a group of stores or to an owner of a mall for example. In this apps the owners can check the flow of people that pass in front of them stores. The number of people that can pass in front of them stores and enter in the stores and buy something. 
 
I also worked with others project like a public version of the Qualcomm Quiz and own projects from the company like the app Connect. This app is a News App to companies. This app allows a easy way to communication between employees. && My second experience was in a company BRy Technology. They have a good knowledge in this area in Brazil offering solutions to certification, security in digital documents, digital signature. I have worked there for 3 years as a web and mobile developer. As a Web Developer I had the opportunity to help to create a website called KMS (Key Management System) where the customer can create them certificate in the cloud and its private key is stored inside of the HSM (Hardware Security Module) and only the user can use it to sign some document for example.  
As a Mobile Developer I have helped to create an app for Android and iOS called KMS. This app works like Google Authenticator, the user makes an agreement between the app and the web site using QRCode. Once the setup is completed successfully, the user can authenticate and sign documents using de app. && My first professional experience with software development was as a trainee at the university 
 
where I studied. This work gave the great opportunity to work with different technologies like JSF, JPA, 
 
Hibernate, Ajax, MySQL, Richfaces and etc. In that moment I only had worked with Java for desktop, 
 
then I consider this job essential to my career and what I became today. During this time I helped to 
 
develop a portal called Collect. This website is used to conduct research and academic assessment, 
 
based on forms to collect data. I stayed there approximately 10 months.",Mobile Developer && Web/Mobile Developer && Trainee - Web Developer,July 2015 to February 2017 && November 2012 to July 2015 && October 2010 to July 2011,"Android (4 years), Java Intermedirio (5 years), iOS (2 years)",None,"Cork, Ireland","Universidade Federal de Santa Catarina Florianpolis, SC",August 2009 to December 2013,Bachelor in Information Systems,I am looking for a job as a Mobile Developer
37,"IDooh TAXIADV - Curitiba, PR && Mercedes-Benz/Arctouch - San Francisco, CA && Walmart Labs/Arctouch - Sunnyvale, CA && Foneville's Snapfone/Arctouch - San Francisco, CA && Disney/Arctouch - San Francisco, CA && HSBC Global Asset Management - London && HSBC Global Banking and Markets - Curitiba, PR","Lder de desenvolvimento do projeto TaxiADV, fui responsvel pelo desenvolvimento de seu aplicativo Android, trabalhando features tais quais conexes REST, geolocalizao, reproduo de mdia, cache de imagens, agendamento de contedo e agendamento de atualizao de contedo. Tambem participei do processo de instalao dos aplicativos nos dispositivos alugados pela empresa, configurando tablets Android para serem executados em um ambiente Android especfico e personalizado. 
 
Por fim, tambem fui responsvel por gerenciar o projeto, escrevendo histrias postadas em uma board Agile, prestei uma consultoria geral para o projeto e as equipes de negcios devido a minha experiencia e know how e, mais importante, tambem me tornei um ponto de liderana e motivao numa empresa recem-nascida e inteiramente composta de jovens adultos que nunca lidaram com algo to grande antes. Esse comportamento diferenciado me rendeu elogios tanto de meus colegas da empresa quanto da administrao da incubadora, tanto que, no final do projeto, eu havia me tornado a referncia da empresa tanto em tecnologia quando em liderana em alguns de seus eventos e reunies de negcios, conversando e apresentando o produto para possveis investidores e potenciais clientes. A equipe de desenvolvimento foi dissolvida no final de 2016, aps implantar o Proof of Concept com sucesso. && Neste projeto de desenvolvimento Android me v trabalhando com uma equipe multinacional distribuda tal qual meus dias de bancrio, com stakeholders no Mexico, em ambas as costas americanas, Florianpolis, e ate mesmo na Bielorrssia. Fui encarregado de desenvolver features baseadas em estrias postadas num sistema de gerenciamento de tarefas Agile com o objetivo final de criar uma aplicao de gerenciamento de frota veicular para usurios finais, e fiz a implementao completa de features tais qual o sistema de rastreamento veicular com componentes visuais customizados utilizando o Google Maps e um sistema de Push Notifications, um scanner de cdigo de barras customizado, alem de toda a mecnica interna da pesada comunicao com o back-end dessas features atraves de chamadas REST.  
 
Tambem fui capaz de identificar alguns problemas com a documentao do projeto vindas da agncia do cliente, envolvendo informaes conflitantes devido a passagem do tempo entre o comeo do processo de desenho do produto e o incio do desenvolvimento do mesmo, e com meu olhar aguado para padres, fui capaz de rapidamente identificar quais reas precisariam ser revistas o mais cedo possvel na linha de tempo do projeto e levantei essa situao para o meu gerente de projeto, este que ento tomou as medidas cabveis para melhorar a qualidade da documentao e nos poupou uma quantidade considervel de tempo ao longo do processo de desenvolvimento e viabilizou um projeto que possua um prazo curto e seguia reto em direo a um percurso complicado. && Sunnyvale/ Estados Unidos) 
Participei brevemente de um projeto de gerenciamento de entregas no Walmart Labs, no Vale do Silcio na Califrnia, cobrindo a licena paternidade de outro colaborador da Arctouch. Tive menos de quatro horas de handover, mas como eu j estava bem familiarizado com a pilha tecnolgica utilizada no projeto (novamente programao reativa), fui capaz de atingir a mesma passada do resto da equipe em menos de uma semana. Fui feliz em realizar pontualmente a entrega de uma tela de pesquisa multiparametrizada particularmente complexa enquanto tambem provia orientaes  equipe de back-end local tal qual a outros membros da equipe de engenharia do projeto em diversas ocasies. && Curitiba/Brasil - San Francisco/Estados Unidos) 
Um dos membros originais do time de desenvolvimento Android do projeto do Snapfone, fui encarregado, junto com minha equipe, de construer o MPV de uma plataforma de vendas de varejo informal (user-to-user), com um sistema de pagamentos embutido feito em Stripe, alem de integrao com o Google Maps e um sistema de chat encriptado. Esse foi meu primeiro projeto trabalhando com uma pilha tecnolgica que envolvesse programao reativa, com o MVP supracitado tendo sido construdo usando RxJava, Retrolambda, e o Retrofit. Sempre um rpido aprendiz, no tive muitas dificuldades e em pouqussimo tempo dominei a tecnologia, e trabalhei em virtualmente todas as features do projeto, especialmente no sistema de chat e sua encriptao atraves da plataforma PubNub e tambem na integrao com o Google Maps e seus elementos visuais para ofertas geolocalizadas. && Me juntei ao esforo binacional de desenvolvimento responsvel por manter a aplicao Watch Disney Channel na plataforma Android j no fim do projeto, onde pude trabalhar por cerca de um ms. Minhas responsabilidades neste papel incluam o desenvolvimento e teste de novas funcionalidades ou correes tais quais as estrias colocadas numa plataforma de gerenciamento de tarefas Agile, e tive a oportunidade de trabalhar com a tecnologia de Streaming e video-on-demand antes do projeto se encerrar. && Como parte de um time distribudo global, fui responsvel por lidar com todos os problemas relacionados a plataforma de negcio (Charles River IMS) e a aplicao de Middle Office (CADIS EDM) do departamento durante os processamentos dos batchs noturnos e intraday, alem de gerenciar quaisquer solicitaes de usurios. 
Parte destas tarefas envolviam o uso do Control-M para monitorar o batch de jobs que gerava os relatrios de final do dia. Estes jobs eram governados por um prazo de entrega muito estreito, onde a perda dessa janela incorria em perda financeira direta. Alem destes jobs, tambem fui responsvel por suportar o batch intraday, que operava com dados de sistema vivos, e que quando parava de funcionar incorria no apenas em perda financeira, mas tambem em perda reputacional para a organizao. Para evitar estas baixas no acordo de disponibilidade bem como qualquer interrupo em nas capacidades negociais da organizao, eu seguia um processo onde nenhum alerta passava sem ser investigado, e gerenciava problemas com diligncia, garantindo que nenhum problema resolvido fosse deixado sem uma soluo documentada e armazenada no repositrio de conhecimento para referncia futura. 
Consertar jobs crticos requeria que eu fosse capaz de isolar e analisar todos os logs relevantes, seja no Linux ou nas bases de dados onde os registros de transaes eram armazenados, procurando pelas mensagens de erro que apontavam em qual componente interno se originou o problema. Devido a estudo e mapeamento minucioso dos fluxos crticos desse batch, eu era capaz de apontar as causas razes com rapidez significativa, o que me rendeu elogios de meus colegas de equipe. 
A atribuio final dessa minha posio era lidar com solicitaes de usurios da rea de negcios (traders, gerentes de fundos e de carteiras de investimento) e de data management. Tais solicitaes iam desde responder a perguntas e prover orientaes cotidianas ate resoluo de problemas funcionais no sistema. Dado o ambiente tipicamente agitado dos sistemas financeiros, esta atribuio em particular requeria cuidado extra na hora de lidar com tais solicitaes. Numa dada ocasio, um dos usurios precisava contornar um problema ainda sem resoluo num componente crucial do batch. Para lidar com este problema de forma transparente, organizei rapidamente uma conferncia por telefone para informar de antemo ao usurio o que estava acontecendo com o sistema e qual seria o tempo estimado para que o sistema fosse restaurado. Eles demonstraram apreciar a iniciativa e desde ento me tornei o primeiro engenheiro para o qual eles vm com perguntas, mesmo no sendo o membro mais snior da equipe. && Fui a primeira contratao de uma equipe composta por mais dois outros desenvolvedores tambem sem experincia previa em Spring. O projeto no qual fui alocado era um esforo para migrar um conjunto de aplicaes que compunham um sistema Middle Office desenvolvido num framework Java legado proprietrio. Toda a lgica negocial seria migrada para um framework proprietrio novo criado com base em Spring Batch e Spring Integration. Fui encarregado de aprender a desenvolver em Spring, e a desenvolver um programa de treinamento para novas contrataes. Treinei onze novos recursos, incluindo pessoas de mais senioridade que eu, e, da ltima vez que ouvi a respeito, meu guia e meu projeto sandbox ainda eram utilizados para treinar novatos. 
Pouco aps o projeto ter incio, minha equipe foi agregada a diviso de Arquitetura e Integrao do Global Banking and Markets, onde pude me envolver com o design de todos os componentes padronizados do departamento. Era uma posio privilegiada e que me permitiu implantar melhorias em dois componentes que na epoca no ofereciam todas as funcionalidades que suas contrapartes dos sistemas legado: o gerenciador de erros, e o controlador de execuo de processos em batch. 
O gerenciador de erros era um mdulo ""inteligente"" que se anexava sozinho  aplicao, sendo capaz de decidir se o processo deveria continuar rodando ou no aps um erro ocorrer durante o processamento, bem como o que deveria ser feito com ele, e por fim enviava um e-mail escrito em ""voz humana"" listando os erros. A verso anterior utilizada pela Arquitetura apenas interrompia a execuo, desfazia as transaes na base de dados, e enviava um e-mail com a pilha de erros de execuo (stack trace). O controle de execuo de processos teve de passar por uma longa refatorao, pelo qual fui o nico responsvel. A verso anterior continha um bug onde o motor do Spring sempre retornava um cdigo de sada (exit code) positivo para o Linux, mesmo quando a execuo encerrava de forma anormal. Tambem adicionei um componente que realizava uma verificao das dependncias dos processos na hora de iniciar um novo processo, algo que havia ficado de fora do escopo original. 
Foi nesta posio em que tive meu primeiro contato com suporte a produo, pois fui encarregado de ser o engenheiro de suporte backup de uma equipe de suporte  um sistema front office (Murex) e middle office (Java). L, desenvolvi diversas correes e pequenas ferramentas para melhorar a capacidade de suporte do sistema. Promovi a adoo de novos padres, algo que ajudou no evergreening dessas aplicaes cerca de um ano depois.",Lead Developer && Android Developer && Desenvolvedor Android && Desenvolvedor Android && Desenvolvedor Android && Support Analyst && Spring Developer,March 2016 to November 2016 && October 2015 to February 2016 && September 2015 to October 2015 && April 2015 to September 2015 && March 2015 to April 2015 && August 2012 to January 2015 && September 2010 to August 2012,"Android (2 years), Java Avanado (5 years), Spring (2 years), RxJava (2 years), Google API (2 years), Microsoft Office (10+ years), Windows (10+ years), Linux (5 years), MySQL (5 years), SQLServer (2 years), Oracle (4 years)","Additional Information
Desenvolvimento de aplicaes 
 
Trabalhando como parte de uma equipe de solues e arquitetura, desenvolvi componentes padronizados utilizados em diversos sistemas, tais como um componente de logging e gerenciamento de erros, e uma aplicao de gerenciamento de execuo de processos, todos desenhados utilizando os padres e melhores prticas voltadas a facilitar o dia-a-dia do suporte a produo. No quesito persistncia de dados, utilizei JDBC e Hibernate para bases de dados, e JAXB para XML. Para repositrios de cdigo-fonte, eu utilizei o MKS e o SVN, e automatizei builds usando o Apache Ant e o Apache Maven. 
 
Desenvolvimento em Spring 
 
Minha experincia com o Spring foi focada em solues de integrao, utilizando o Spring Batch e o Spring Integration para desenvolver solues de Middle Office que mediassem a comunicao entre plataformas de negcios e sistemas legado com o back office, atraves do uso de dados extrados de arquivos e bases de dados numa serie de processamentos batch noturnos, e tambem de informaes recebidas atraves de canais online operando em alta disponibilidade. 
 
Desenvolvimento Android 
Desenvolver para a plataforma Android foi uma tarefa que me deu muitas alegrias - trabalhar com RxJava e com o Dagger2 desenvolvendo aplicaes comerciais para grandes marcas e startups americanas me garantiu a oportunidade de trabalhar tanto na camada de servio de seus aplicativos, fazendo uso do Retrofit e de programao reativa para gerenciar a comunicao com o back-end atraves de chamadas REST, e quanto nas camadas visuais dos aplicativos. Trabalhei com um nmero de APIs do Google tais quais o Maps e o GCM para Push Notifications, e tambem trabalhei com features tais qual streaming de vdeo e udio, video-on-demand, compras in-app atraves da plataforma Stripe, e mensageria (chat). 
 
Bases de dados  
Trabalhei com Oracle, MySQL e Microsoft SQLServer. 
 
Suporte  Produo 
Tenho experincia como engenheiro de suporte a aplicaes para plataformas de negcio considerados de misso crtrica seguindo as orientaes de gerenciamento de servios do ITI, e possuo uma viso ampla dos procedimentos de suporte atraves da experincia que adquiri atuando em diferentes nveis de suporte a produo. Meu foco sempre e na satisfao do cliente, e na velocidade de entrega dos resultados. Em minha posio atual eu gerencio duas aplicaes de alta disponibilidade responsveis pelo fluxo de transaes financeiras enormes, onde tempo fora do ar significa perda financeira. Desde minha entrada na equipe, o tempo que essas aplicaes passam fora do ar caiu de doze para apenas trs dias ao ano. Tambem sou responsvel por lidar com pedidos de usurios, e assim realizo diversas tarefas com agilidade, desde resets de senhas ate investigar queries problemticas, bem como desenvolver e implantar correes necessrias nessas aplicaes. 
 
Capacidade de comunicao 
Sendo parte de uma equipe de suporte a aplicaes global, estou acostumado a interagir com pessoas de diferentes regies do mundo, pois nossos hubs so em Nova Iorque, Londres, Pune, Guangzhou, So Paulo e Vancouver, tendo de responder a linhas gerenciais segregadas. Uma parte significante das minhas responsabilidades e ter de realizar implantaes nos fins de semana. Devido  natureza globalizada do modelo de suporte a estes sistemas, e necessrio implantar diversos pacotes diferentes ao longo do mesmo dia devido as diferenas de horrio entre as regies envolvidas, assim fazendo necessrio que mais de uma pessoa acesse os mesmos servidores com o mesmo usurio. Para orquestrar este processo, eu implementei uma pequena reunio com todos os envolvidos nos releases, onde passamos por todas mudanas que sero implantadas durante o fim de semana, e organizamos quem ir precisar de qual acesso a cada momento, assim efetivamente mitigando o risco de contas serem deixadas trancadas aps serem usadas. Desde que aderimos a esta pratica, nunca mais precisamos pedir ao time de administrao de redes para liberar uma conta nossa.","Curitiba, PR",Universidade Positivo,2011,Bacharel in Sistemas de Informao,None
38,"Paint Pack Servios Grficos - So Paulo, SP && Pivot Midia Digital - So Paulo, SP && Discover Technology - So Paulo, SP && WebProvider - Barueri, SP","Database modeling and architecture for online file management system with control and access profiles. 
 Linux environment configuration, Apache server with MySql 5 and PHP 7. 
 Development Backend with PHP Laravel 5.2 and MySql database. CMS with Bootstrap 3. 
 Frontend development with CSS3, HTML5 and JQuery. && Installation and configuration of development environments. 
 Planning, creation and maintenance of content management systems using the CakePHP and Laravel frameworks with MySql database on Linux and MacOS systems. 
 Elaboration of functional documents and user manuals. && Development and maintenance of e-commerce systems using the Oracle ATG Tool. 
 Maintenance of applications using Struts2, Spring and JPA. && Development and maintenance of functionalities for the administrative system using ASP.NET C # 
 Creation and alteration of stored procedures for process automation and / or general use. 
 Database information change / registration using SQL Server 2008.",PHP Developer && PHP Developer && Trainee in Java Development && Trainee IT Process,March 2016 to Present && June 2014 to March 2016 && August 2012 to June 2013 && April 2011 to August 2012,"Php (3 years), Mysql (4 years), Laravel 5 (2 years), CakePHP (1 year), Git (3 years), Sql (5 years), Html5 (3 years), Css3 (3 years), Javascript (1 year), Jquery (1 year), C# (Less than 1 year), Java (Less than 1 year)",None,"Guarulhos, SP","Federal Institute of So Paulo Guarulhos, SP",2010 to 2015,Technologist in Analysis and Systems Development,Analista Programador PHP
39,"Teknisa Software - Belo Horizonte, MG && ADITI - Gesto e TI - Belo Horizonte, MG && Sense8 Interactive - Belo Horizonte, MG && FUMEC/FEA - Belo Horizonte, MG && FUMEC/FACE - Belo Horizonte, MG && FUMEC/FACE - Belo Horizonte, MG","Desenvolvimento e manuteno de aplicaes foadas em Food Service.  
 
Foco em JavaScript, PHP e Oracle. && Desenvolvimento QlikView, QlikSense e NPrinting Designer && Desenvolvimento de sites em PHP + MySQL (Back-End). && Desenvolvimento de aplicaes internas em PHP + MySQL com utilizao do Framework CakePHP, foco em Back-End, suporte aos setores administrativos da unidade FEA e manuteno de computadores. && Suporte  parte Acadmica e Administrativa da Unidade FACE, manuteno de computadores, gerenciamento dos usurios no Active Directory e suporte s mquinas Apple. && Suporte aos alunos e professores da FUMEC, unidade FACE, 
manuteno de computadores e gerenciamento dos usurios no 
Active Directory.",Web Developer && Analista BI && Denvolvedor Back-End PHP && Assistente de TI && Auxiliar de TI && Estgio CPD,September 2016 to Present && November 2015 to Present && July 2015 to November 2015 && June 2012 to July 2015 && January 2012 to March 2012 && June 2011 to January 2012,"PHP Avanado (4 years), Qlikview (Less than 1 year), Qliksense (Less than 1 year), CakePHP (3 years), Java Intermedirio (2 years), SQL Intermedirio (4 years), HTML Avanado (4 years), JavaScript Intermedirio (2 years), Angular JS (Less than 1 year), CSS Intermedirio (4 years), Android (2 years), Objective-C Intermedirio (2 years)","Additional Information
PROJETOS 
Aplicativo Android* e iOS - Calculadora Estatstica ++ 
Aplicativo Android* e iOS - Calculadora 
Aplicativo Android* - Tempo de Bateria 
Aplicativo iOS - Bhaskara 
 
* - disponvel na Google Play","Belo Horizonte, MG","Universidade FUMEC Belo Horizonte, MG",2011 to 2014,Graduao in Cincia da Computao,None
41,"SystemSat - Vehicle Tracking Solutions - Niteri, BR && Gaudium - Mobile Development Company - Rio de Janeiro, BR","Niteri - Brazil 
 
Responsible for creating and managing of all of the company's iOS applications and maintaining 
deployed Android applications. The projects needed to be responsive and adaptable, so extensive 
user knowledge of a single storyboard file and constraints were needed, as well as getting re- sponses from WebServices through GoogleMaps SDK and iOS' Location API, and knowing best 
practices in design and UX. 
 
 GSFamily - Family tracking app that allows phones to be tracked and vehicles to be 
shown. Users can create control points, virtual anchors, send distress signals and view 
units history. (http://www.gsfamily.com.br) 
 GSMobile - Created for companies with car fleets. Users can view each vehicle history, 
check their last position, see their location through Google StreetView and send com- mands to their vehicle monitoring devices. 
(https://itunes.apple.com/br/app/gs-mobile/id1018882195?mt=8) 
 
Mar 2014 - Present Self Employed Projects Rio de Janeiro - Brazil 
 
 SF36+ - Application developed to help doctors evaluate their patients' quality of life and pain levels in a quick and convenient way. I fixed and improved layout issues for newer iOS versions, and was also responsible for implementing In-App Purchases for a 
premium subscription. (http://www.sf36plus.com.br/) && Rio de Janeiro - Brazil 
 
Hired as an intern and promoted to full time employee after 18 months, I worked with backend and iOS frontend development. Backend development consisted in using PHP with Yii Frame- work, while iOS development used Objective-C. Experience maintaining deployed applications, 
deploying iOS applications to the App Store, managing APNS certificates and following instruc- tions and layouts from designers. Maintained the company web site hosted on Wordpress. 
 
 TaxiMachine - Gaudium's IP focused in helping taxi companies and clients to manage fares. I 
was responsible for adding new functionalities that involved interaction with PHP WebServi- ces, which responded with JSON responses. (http://www.taximachine.com.br/) 
 
 Band - Application developed for the large Brazilian television network Bandeirantes, dis- playing a complete TV guide, allowing the exhibition of video clips and also working as a 
second screen to accompany and interact with live shows. I was responsible for adding side 
menu functionality as well as fixing issues in the application. (http://www.band.uol.com.br/ 
segundatela/)",iOS Developer && intern and promoted to full time employee,February 2015 to Present && January 2013 to January 2015,"ios (3 years), xcode (3 years), cocoatouch (3 years), objective-c (3 years), Java (3 years), android (1 year)","Additional Information
TECHNICAL PROFICIENCIES 
 
 Objective-C: intermediate/advanced. 
 Swift: basic/intermediate. 
 Extensive Xcode knowledge. 
 Android development: basic/intermediate. 
 Intermediate Android Studios knowledge. 
 Java: intermediate/advanced. 
 C#: intermediate. 
 MySql: intermediate. 
 SQLite: Intermediate. 
 PHP: intermediate/advanced. 
 Yii Framework: intermediate/advanced. 
 Mastery of Word, Excel and Power Point.","NITERI, RJ, BR","Fluminense Federal University Niteri, BR",January 2010 to December 2013,Bachelor in Computer Science,None
42,"PRODESP && Hyundai Motors && Universidade Metodista de So Paulo - So Paulo, SP","Desenvolvimento de sistema de notificao, investigao e relatrio de doenas. 
Desenvolvimento de aplicao web com AngularJS, Bootstrap e Spring no servidor JBoss. 
Desenvolvimento de backend com Spring Framework (Core, Cache, Data, Security, Rest). 
Gerao de relatrios com JasperReport usando Jaspersoft Studio. 
Controle de dependncias do projeto com Maven. Integrao contnua com Jenkins, Maven. 
Versionamento com Git. 
Tecnologias FrontEnd: Node.JS, Bower, Gulp, AngularJS, Bootstrap, JQuery, JSON, REST, Consumos de servio de uma API, JavaScript; 
Banco de dados: Oracle e MongoDB; 
Liderana da equipe de desenvolvedores (entrevista, contratao, desenvolvimento profissional, gesto de pessoas). 
Estimativa de todos os prazos e recursos do projeto. 
Apresentao de performance e status ao cliente final, bem como coleta e anlise de requisitos vindos do cliente. 
Liderana do projeto, desenvolvedor principal. && Desenvolvimento e sustentao do Portal de Vendas da Hyundai; Suporte aos Usurios; 
Levantamento de Requisitos, especificaes funcionais e documentaes; 
Desenvolvimento web utilizando framework Spring MVC, Bootstrap, JQuery, JSP, JSTL; 
Criao e consumo de servios REST; 
Criao e consumo de servios SOAP utilizado framework Axis2; 
Integrao com outros Sistemas como SAP e Siebel via RFC e SOAP; 
Versionamento de cdigo com SVN; 
Testes de servio com SOAPUI; 
Utilizao de servidor Tomcat && Instalao de Hacks com Patch Panel e Voice Panel; Instalao e configurao de Roteadores e Access Point; Projetos de mudanas de Infraestrutura de Redes e Telefonia; Projeto de criao de Infraestrutura de Redes e Telefonia; Suporte aos Usurios de Voip. 
 
EXPERINCIAS PROFISSIONAIS ADICIONAIS 
Experincia com servidores: JBoss, Tomcat; 
Bibliotecas e ferramentas como: Log4J, GSon, XStream, Maven; 
Integraes com APIs de redes sociais: Instagram, Twitter; 
Ferramentas WebService: Axis2, SoapUI; 
Bancos de dados: MySQL, Oracle, MongoDB; 
FrameWorks: Spring, VRaptor, Hibernate; 
FrontEnd: AngularJS, JQuery, BootStrap; 
Versionamento: SVN, Git.",Software Developer && Analista de Sistemas Java && Auxiliar Tecnico de Redes,April 2016 to Present && March 2014 to April 2016 && May 2013 to March 2014,"Java Avanado, Angular, Node.Js, Spring Framework, Spring MVC, Spring Security, Spring Cache, Spring Data, JavaEE, JavaScript Avanado, Oracle, MySQL, MongoDB, JQuery, JSP","Additional Information
QUALIFICAES 
Execuo impecvel das rotinas, grande ateno  detalhes, organizao, forte etica profissional, proativo, profissional, resoluo de problemas e pensamento crtico, trabalho em equipe e habilidade de colaborao, alta habilidade de oferecer sugestes e melhorar processos, bastante colaborativo com colegas de trabalho, flexvel a mudanas, disponibilidade de aceitar constantemente novos desafios e experincias, rpida adaptao a mudanas de ambiente, disponibilidade para viagens nacionais e internacionais.","So Bernardo do Campo, SP",Universidade Metodista de So Paulo,2017,Engenharia,ANALISTA DE DESENVOLVIMENTO JAVA
43,"Fabrica de Software IPE - Joo Pessoa, PB","Development of django aplication, using Tdd, opencvs, Linux, Javascript, jQuery, html, css, PostgreSQL",Django Developer,August 2016 to December 2016,"Java Intermedirio (Less than 1 year), Django (Less than 1 year), Python Avanado (Less than 1 year), JavaScript Bsico (Less than 1 year), HTML Avanado (1 year), CSS Intermedirio (Less than 1 year), Php (Less than 1 year)","Additional Information
Qualificaes 
Envolvido na rea da computao, a partir dos doze anos de idade, adquiri conhecimento em: 
 WEB: 
o HTML 5 / CSS / JavaScrip / JQuery / Ajax / Django (framework) / PHP 
 BACK-END: 
o Python / C / Java 
 Design: 
o Photoshop 
 Sistema Operacional: 
o Windows / GNU|Linux 
 Banco de Dados: 
o PostgreSQL / MySQL 
 
Curso de HTML5 Homologado pela W3C (World Wide Web Consortium e a principal organizao de 
padronizao da World Wide Web) 
Certificado Alura de JavaScript e JQuery","Joo Pessoa, PB","Unipe Joo Pessoa, PB",August 2016 to August 2020,Bacharelado in Cincia da Computao,None
44,Ambush Consulting && NTConsult && ThoughtWorks && None && None,"Working as a software developer writing Elixir with Phoenix Framework to create APIs and web applications. Ygor also contributes to the front-end development writing Elm programs as well as to Android and iOS development. Other than that, Ygor is also responsible for deploying applications to production using AWS and Google Cloud Platform. && Worked as Developer in a web project using Java. The team was inexperienced in Java, so Ygor 
contributed by suggesting tools to improve the development (e.g.Thymeleaf and Flyway). && Working as a .NET Developer, he quickly became the technical reference in the project. Ygor 
included innovative technologies to the project like database versioning and continuous 
integration. && Worked as Java Developer in a web development project which used the full JEE stack. As the most senior Developer in the project, Ygor's responsibilities were defining coding standards along with the architect and troubleshooting problems. && Practiced pair-programming, TDD and continuous integration practices. The main languages 
used were C# (Entity Framework, ASP.NET MVC), Ruby (RSpec, Selenium) and JavaScript 
(jQuery). Also implemented ATDD using SpecFlow. 
 Worked as a Developer using Java (Struts, iBatis) and played the Quality Assurance Analyst role for a period of time in which he developed automated tests ( Ruby and Watir) as well as executed 
manual tests.",Senior Developer && Developer && Developer && Developer - Join-TI && Consultant Developer,November 2014 to Present && May 2014 to November 2014 && September 2013 to May 2014 && December 2012 to August 2013 && January 2010 to August 2012,"Elixir (1 year), Web Development (7 years), PostgreSQL (3 years), Ruby On Rails (1 year)",None,"Porto Alegre, RS",Universidade Federal do Rio Grande do Sul,None,Bachelor in Production and Information,"Ygor offers 7+ years of experience working in the IT industry, and he has the ability to quickly 
learn new technologies and programming languages. He is a continuous improvement advocate and 
always seeks ways to improve his projects and development environments with innovative solutions using 
cutting-edge technology."
45,"Conta Mnima - So Jose, SC && Secretaria de Estado de Comunicao do Par - SECOM - Belem, PA && WTEC Consultoria e Servios LTDA - Belem, PA && Uimmer - Florianpolis, SC && Projetos Pessoais e Freelas","Implantao e modelagem do processo de desenvolvimento de software utilizando Scrum; Scrum Master nos projeto de manuteno e evoluo dos sistemas de auditoria telefnica MaxControl e Conta Mnima; Desenvolvimento e Manuteno do sistema de auditoria telefnica, utilizando: PHP, Codeigniter, jQuery, Bootstrap e MySQL; Desenvolvimento e Manuteno da nova verso sistema de auditoria telefnica, utilizando: Java, AngularJS, Jooq, UIBootstrap e MySQL; Desenvolvimento e Manuteno do novo sistema de processamento automatizado de faturas e tomada de deciso, utilizando: PHP, AngularJS, Slim, Bootstrap e MySQL; && Coleta, especificao, anlise de requisitos, planejamento, arquitetura e desenvolvimento de sites, plugins para wordpress e sistemas utilizando PHP, Codeigniter Framework, Bootstrap, jQuery, MySql, WordPress, HTML5 e CSS3. Projeto e desenvolvimento do sistema de monitoramento da marca do governo na web e mdias sociais. Projeto e desenvolvimento do site (http://pararesponde.pa.gov.br) e do sistema de chamados. Projeto e desenvolvimento do site (http://feiradolivro.pa.gov.br/) e sistema Vitrine Virtual de cadastro e consulta de livros e estandes da feira. Case pioneiro nas Feiras do Livro do pas. Desenvolvimento de encurtador de Urls exclusivo (pa.gov.br) do Governo do Estado do Par. Desenvolvimento de Aplicativo para o Facebook e sistema de moderao de perguntas para o programa de auditrio transmitido pela Tv Cultura do Par. Desenvolvimento de Web Service e sistema de moderao de fotos, utilizadas em eventos do governo, enviadas pelos usurios atraves do Twitter e Instagram. Alem dos principais cases mencionados, mais de 50 sites desenvolvidos para projetos e secretarias do estado ao longo de 4 anos. && Desenvolvimento de sistemas sob a metodologia Scrum, .NET C#, jQuery, Microsoft Sql Server, Oracle, HTML5 e CSS3. Desenvolvimento dos mdulos de Capacitao e Qualificao dos servidores (RH), estoque e ambulatrio da intranet do Tribunal de Contas do Estado do Par. Participao da equipe de desenvolvimento, implantao e manuteno do sistema de tramitaes de processos jurdicos da Defensoria Pblica do Estado do Par. Participao no desenvolvimento do sistema de consultrio medico WebDoctor. Desenvolvimento do sistema de auxlio ao gerenciamento e auditoria financeira da Defensoria Pblica do Estado do Par. && Planejamento e monitoramento de escopo e entregas (Kanban). Ambiente e Arquitetura Git utilizando BitBucket; Modelagem e Gerenciamento de banco de dados(MongoDB), Segurana e ambiente OS(Ubuntu 14.04 LTS), Processos (PM2) e WebServer (Nginx). Desenvolvimento e Manuteno do sistema gerenciador de contedo utilizando HTML5, CSS3 e AngularJs. 
Desenvolvimento e Manuteno dos Aplicativos Mobile para Android e iOS utilizando Ionic; Desenvolvimento e Manuteno da API Rest utilizando NodeJs, ExpressJs, MongoDB(Mongoose) e JWT para autenticao e segurana; && Elaborao e Desenvolvimento do sistema de gerenciamento de projetos com Scrum, Scrumble; Desenvolvimento do site e sistema (Sesan Resolve) de chamados da Secretaria de Estado de Saneamento - Sesan.(http://www.belem.pa.gov.br/sesan/); Desenvolvimento e Manuteno do site e aplicativos para Facebook da campanha do Governador do Estado do Par, Simo Jatene;  
Desenvolvimento e Manuteno do site da campanha do deputado estadual Mrcio Miranda;  
Desenvolvimento do Site de eventos culturais Guiart (http://www.guiart.com.br);  
Desenvolvimento do site da agencia Visagem Filmes - em desenvolvimento; 
Desenvolvimento do plugin de Rede Credenciada para o site da empresa MaxxCard (http://www.maxxicard.com/portal/);  
Desenvolvimento do Site e Manuteno do sistema de Seletivas do festival de msica SeRasgum;","Full Stack Developer & Scrum Master && Full Stack Developer && Programador Web && Gesto de Projetos, Full Stack Developer & DevOps && Full Stack Developer",2015 to 2016 && 2011 to 2015 && 2009 to 2011 && 2016 && None,"Java Avanado (2 years), C# Bsico (1 year), NodeJs (2 years), PHP Avanado (6 years), jQuery (6 years), AngularJs (3 years), Ionic (1 year), Cordova (1 year), Nginx (1 year), Wildfly (1 year), Apache (6 years), Slim (1 year), Codeigniter (5 years), Zend (Less than 1 year), TDD(JUnit) (1 year), Gulp (1 year), Bower (3 years), Composer, MySql (6 years), Microsoft Sql Server (1 year), MongoDB (1 year), Linux (5 years), Git (3 years), Subversion (4 years), Rest (3 years), Bootstrap (4 years), Angular Material (1 year), HTML5 (4 years), CSS3 (5 years), Scrum (5 years)","Additional Information
Nunca trabalhei fora do pas, porem j passei algumas temporadas em pases da America do Sul e sia, tendo como foco experincias interculturais e aperfeioamento de idiomas estrangeiros.","Florianpolis, SC","Universidade da Amaznia Belem, PA",2004 to 2007,Tecnologia,None
